order_id,paid_at,status_id
7GGEXTQ,2025-03-05 9:21:52,2
24R7QZB,2025-04-01 8:25:14,2
XBB36EC,2024-10-23 8:22:32,2
N763Z4Z,2024-10-23 8:19:17,2
UGJCWDS,2025-04-01 8:07:27,2
D55GE58,2025-03-06 9:28:31,2
SSBUEXV,2025-03-31 8:50:44,2
QP5YQVR,2024-09-26 8:03:45,2
RFUMJAT,2024-09-26 7:58:25,2
EV5X8RC,2024-07-30 13:28:11,2
J8XD775,2024-12-04 9:13:09,2
4B35PY7,2025-01-16 9:28:11,2
EYFEKUC,2025-04-17 14:34:37,2
4WCMSYD,2025-07-09 9:42:11,2
PWZ78VZ,2025-04-18 12:23:29,2
TUSR7VF,2025-04-04 9:05:50,2
QYD95RU,2025-03-28 13:49:13,2
WF4TMQK,2025-03-28 15:02:56,2
29QPQ3U,2025-04-01 7:45:11,2
UJJ7GE3,2024-11-14 10:54:50,2
VBZ7ZF3,2024-10-29 13:36:54,2
TYK46PV,2024-11-05 13:53:27,2
FB9U4CC,2025-06-06 15:18:46,2
8XX9T2V,2025-03-28 17:36:28,2
7VSR79C,2025-06-13 14:37:48,2
S5UP2GW,2025-03-05 20:36:37,2
YNPPRMA,2025-02-18 20:34:17,2
5JE3PQ5,2024-09-30 18:42:36,2
B9QDXFD,2025-01-24 20:33:43,2
87C9JBC,2025-02-06 20:35:12,2
SU6KND9,2024-12-17 19:31:44,2
JWGSXWB,2024-12-09 16:49:24,2
96TCDUC,2024-11-29 19:34:57,2
ZZNZQSE,2025-01-11 23:32:05,2
SH6P7YJ,2024-09-16 23:18:00,2
U3KRTUN,2025-01-02 19:34:21,2
R54MPSC,2025-03-24 20:37:08,2
S8WJURU,2024-12-16 16:37:36,2
A4CVNBW,2025-02-03 20:33:41,2
47QE5MN,2024-11-25 11:33:09,2
GBMBM6C,2024-07-02 13:20:24,2
SWXY8SW,2024-07-23 7:52:53,2
2VE8C8T,2024-10-22 9:37:26,2
K7NTXZP,2024-08-06 8:51:13,2
ABGA3MY,2024-12-17 13:07:02,2
XPPTXHU,2024-10-22 10:24:45,2
NGADPW2,2024-11-05 15:00:54,2
7259QTU,2024-10-22 12:14:38,2
F4MSU4H,2024-11-05 14:48:18,2
B68WEUU,2024-11-05 14:44:16,2
U4QH94T,2024-10-22 10:36:26,2
KPG35W9,2024-10-22 12:12:41,2
2AJJNK6,2024-11-14 16:46:57,2
Z4X4QFY,2024-10-22 10:34:45,2
3HYNEFQ,2024-10-25 9:57:45,2
EZJKTY4,2024-12-27 19:34:51,2
VARHP63,2025-03-10 20:34:59,2
NP4682X,2025-03-04 20:36:28,2
YBHUTP4,2025-01-23 20:36:48,2
7UKVTYE,2024-12-24 19:30:24,2
C4BCH55,2024-12-05 19:31:22,2
HXEHSYE,2024-10-21 15:22:47,2
SV7V767,2024-10-16 12:26:06,2
4EMDXZ2,2024-11-18 17:34:12,2
R9UMCFT,2024-08-07 8:59:58,2
3DDMC5R,2025-03-31 19:35:28,2
B6PPDTC,2024-12-03 16:09:17,2
KFA97KQ,2024-12-04 13:09:59,2
6EHCDQQ,2024-09-03 11:16:32,2
EN9URJZ,2025-01-03 19:33:39,2
CC643YY,2025-03-17 20:33:06,2
FGUYABQ,2024-12-26 19:34:24,2
7XGQPP4,2024-11-28 19:34:58,2
RJG5KDC,2024-12-11 19:33:56,2
3G564BJ,2025-02-25 20:33:50,2
X9DMEPM,2024-10-29 10:21:13,2
9ZH5CK3,2024-10-01 12:34:25,2
DK7X6N4,2024-11-05 11:08:59,2
QC3DMN5,2024-12-03 10:58:29,2
ZTJQRS4,2024-12-25 19:32:07,2
U4EU789,2025-01-17 19:32:53,2
SXH3TTN,2025-03-26 20:36:35,2
N4YHGRC,2024-09-16 13:22:05,2
YWCTW85,2025-03-18 20:34:24,2
3XYKRW8,2024-12-02 16:27:42,2
NNJTEJU,2025-01-09 14:42:09,2
WTHSJ73,2025-02-12 20:33:13,2
YJ6UPWS,2025-02-19 20:33:14,2
2PJV2JW,2024-12-19 19:39:58,2
CDYAJK6,2025-03-19 20:34:42,2
AWU9YCM,2024-12-31 19:32:26,2
5D6P3JY,2024-11-25 10:48:05,2
HVSYA33,2025-01-04 23:35:50,2
P7UY737,2024-11-28 14:55:57,2
PAXQJQN,2024-07-16 16:13:31,2
27DAQZW,2025-02-23 21:17:03,2
J62UJXY,2024-09-10 15:03:57,2
ZTDZH2Y,2024-09-24 15:37:48,2
JP76TKQ,2025-04-11 13:25:35,2
242KZ9N,2025-04-11 13:27:07,2
9532QEB,2024-09-17 9:06:51,2
ZPMX9NQ,2025-04-03 14:02:11,2
KCCPPAV,2025-06-20 13:05:17,2
SRY3G7F,2025-03-06 16:38:15,2
R3GTDTT,2025-02-26 16:33:18,2
DWSWPNK,2025-02-13 11:31:10,2
39G8WQP,2025-03-06 19:01:44,2
7SKY3VY,2025-02-25 9:50:17,2
5WNMR6B,2024-07-23 8:53:12,2
T2KZG32,2024-10-29 9:44:36,2
WQAHAHH,2024-11-19 9:05:48,2
UQYVTXB,2024-10-22 9:33:06,2
BSFEWTM,2025-02-11 20:34:22,2
3R85B4A,2025-07-07 19:31:53,2
TW24JFH,2025-02-03 20:32:46,2
7S3NQ5P,2025-03-18 17:23:08,2
U7VG68D,2025-03-26 10:10:40,2
MCXCYR9,2025-04-24 19:34:09,2
Z2UPVJW,2024-12-24 19:29:38,2
7G7A2N8,2024-10-28 10:34:26,2
7YCHCP9,2024-10-28 10:44:13,2
P6H4JDG,2024-10-28 10:16:35,2
HXEWPMC,2024-10-28 10:13:52,2
SCQ7MBU,2024-09-16 13:21:11,2
Y3GAC7G,2025-05-28 19:32:09,2
XEXFMVE,2025-03-14 20:33:44,2
N9E68XG,2025-05-05 11:53:08,2
3TS7DRD,2025-05-05 8:15:04,2
PK26U46,2025-04-17 14:28:46,2
S8D6AMD,2024-08-12 18:54:06,2
Q83UQHE,2024-10-23 19:04:15,2
2WWWVDN,2025-04-24 19:44:01,2
KJJ38YE,2024-08-19 18:17:14,2
XHYTBW6,2025-02-06 20:45:38,2
G7KXCYZ,2025-01-31 20:42:39,2
ZW8YJAM,2025-04-08 19:19:16,2
EPBX73V,2024-07-17 18:37:13,2
X6GRVSF,2024-08-14 15:17:40,2
ZWY97NM,2024-09-25 18:40:06,2
4Y4RS4S,2024-09-16 13:05:45,2
T77NEHS,2024-07-19 18:42:10,2
ZV3K7PE,2024-10-21 8:58:22,2
445JQGF,2024-07-29 15:03:08,2
E2VXBUN,2025-02-17 20:33:57,2
K7CBE5X,2024-11-13 19:28:25,2
CXMR7YZ,2024-12-04 10:12:08,2
F68TF3A,2025-05-22 19:20:44,2
2BCM2AE,2024-12-05 19:40:04,2
F4AQD8B,2024-10-08 6:37:16,2
XNEUW9X,2024-11-08 19:23:49,2
RAUGJJ6,2025-04-01 19:20:14,2
R5URQ9M,2025-05-19 19:42:14,2
XC78QJ2,2025-01-17 19:28:35,2
SGXB8S8,2025-06-10 19:45:43,2
PPJ4PZU,2024-10-03 18:38:56,2
N3RPX67,2024-10-01 18:39:32,2
3DZWU6T,2024-11-29 19:37:20,2
K3QP77U,2025-02-19 20:47:20,2
KXUV49Q,2025-01-28 20:44:44,2
MPTWZT7,2025-05-20 19:18:43,2
FRWTNBX,2024-07-04 18:39:06,2
JAZFZ2F,2025-04-28 19:37:24,2
CWQS85A,2024-09-19 17:50:07,2
P3X2GE7,2025-06-10 19:50:49,2
K4VJTAU,2024-11-21 19:35:11,2
D3N25B4,2024-11-19 19:44:16,2
PP423X4,2024-08-14 18:18:18,2
5B3BZ3E,2025-01-27 21:02:28,2
XA2NZAR,2024-08-14 12:42:44,2
W8CN6F2,2024-10-01 18:15:51,2
E3JM7BE,2024-12-31 23:23:33,2
NEW956Q,2024-10-29 20:13:48,2
9JJFCWS,2025-01-28 20:54:05,2
EBT3RXZ,2024-08-26 18:18:16,2
NRUT3C3,2024-10-28 16:23:33,2
9QJTWKC,2024-09-05 18:44:07,2
BDDM5JA,2024-08-28 18:43:16,2
PTP94XW,2024-12-04 19:36:46,2
CC55QD4,2025-03-03 20:19:37,2
QW7NEAK,2024-10-16 9:11:07,2
NGMYXK6,2024-07-15 15:16:18,2
DMF46RC,2025-01-24 20:23:55,2
H26REDJ,2025-03-19 20:38:02,2
RBVZ9Q7,2025-01-24 20:33:49,2
BKY5GSW,2024-10-16 8:50:54,2
JV9754X,2024-08-20 18:50:33,2
2FWWAQU,2025-03-13 20:21:01,2
Y3ETQ7D,2024-09-24 14:11:03,2
9SMCYBZ,2024-11-04 16:52:36,2
GB7F36P,2025-01-18 23:31:33,2
VT6YX82,2024-12-09 16:42:52,2
5W848NS,2024-12-27 19:29:00,2
PBFA93A,2024-09-19 20:58:00,2
BCUCJUC,2024-10-16 8:56:19,2
YRHZZA8,2024-12-02 16:17:59,2
AG3ZWNH,2025-05-28 19:15:58,2
TZCCTHW,2024-10-28 16:30:29,2
JDMR4B8,2024-12-03 14:28:23,2
9K376XE,2024-07-01 16:00:05,2
9QEE276,2024-11-20 19:19:56,2
B9YE32V,2024-07-15 18:14:44,2
32VJW79,2025-05-06 19:19:13,2
CPKCKXU,2025-05-05 19:20:22,2
KHTY9K2,2024-11-04 19:06:09,2
5K7UBA7,2025-02-26 20:25:20,2
USZMJUD,2024-07-01 16:22:15,2
XDHUEK3,2024-08-21 8:24:50,2
SXH5MXM,2024-10-21 15:30:46,2
JZB7VF2,2024-08-14 18:53:02,2
ZUSUD5M,2025-05-07 19:42:49,2
85QZ4GQ,2024-12-04 13:55:43,2
B4D7SH5,2024-11-07 19:42:50,2
2AYNDJC,2024-09-17 18:40:34,2
HQFYZEK,2025-03-25 20:45:45,2
X5AX7FX,2025-05-20 19:27:03,2
HBS7R49,2024-09-19 17:23:17,2
5YDDRF5,2024-11-20 19:44:46,2
42PMJRH,2025-05-20 19:57:11,2
72XVSER,2025-06-16 19:20:45,2
HMSDKM4,2025-03-14 20:17:35,2
UM64Z4E,2024-09-09 16:06:47,2
38KDYFA,2024-08-21 8:33:39,2
GE3E2NZ,2024-12-17 19:31:09,2
3BHPUU3,2024-10-18 18:10:11,2
PYQUA3R,2024-12-06 19:48:17,2
BSVUAAE,2024-09-23 16:14:54,2
5X4AJYP,2024-12-04 10:12:43,2
JTGBQKV,2025-06-16 19:43:51,2
9YSXWTT,2024-12-02 16:16:40,2
P68WUCN,2025-05-28 19:25:10,2
PXYGVJW,2024-11-15 19:30:13,2
GY5UW5X,2024-12-18 11:39:07,2
9TZANY9,2024-07-24 18:16:11,2
C3ZU2EJ,2024-07-10 18:52:38,2
4P6GJMR,2025-04-18 19:40:21,2
B855CM7,2024-12-04 9:46:29,2
AUFX9KZ,2024-12-25 19:40:43,2
449XCVE,2024-12-31 23:46:16,2
3NUZW7S,2024-10-14 17:09:50,2
U8NWHZV,2025-01-27 20:24:18,2
ENARUCH,2024-11-27 19:27:09,2
TH3X3KD,2025-02-14 20:20:41,2
9UV5C93,2024-10-21 16:03:04,2
TK6H4D3,2025-01-27 20:29:55,2
PGJ26BF,2025-04-24 19:48:26,2
6T6W6AM,2025-07-09 19:37:05,2
BQDU5DV,2024-12-05 19:33:28,2
FMYFW7N,2025-05-21 19:24:53,2
7BVHC5R,2025-06-25 19:38:48,2
45WMSPN,2025-06-05 19:25:58,2
GGZ4VB4,2025-06-17 19:47:54,2
4EBV2C2,2024-10-21 9:17:37,2
WJ8F3GZ,2024-10-08 18:51:51,2
WVBJ29J,2024-10-30 19:41:43,2
Z55VUXW,2024-09-16 13:39:25,2
4RS5KSX,2025-03-11 20:43:12,2
A4F85V9,2025-07-04 19:38:29,2
QP4FQGT,2024-10-25 18:42:46,2
EEDWRCG,2024-08-29 18:46:22,2
9B5K3AZ,2024-12-12 19:25:00,2
WBEDJPU,2024-07-02 18:51:08,2
K64JCFX,2024-09-25 18:18:44,2
8VKWTA6,2024-10-08 10:13:54,2
NH48H75,2025-02-17 20:42:33,2
RM5MN4V,2025-06-05 19:36:37,2
VA357CZ,2024-10-14 13:19:37,2
5K7QEG7,2025-02-27 20:48:36,2
X5PWDVG,2024-10-29 9:12:26,2
6WJV8UG,2024-10-25 13:08:31,2
5D5376P,2024-08-08 19:05:14,2
3HQDRQ6,2024-07-25 18:18:59,2
5QBWYTN,2024-07-25 18:53:03,2
GA58BR8,2025-03-25 20:43:21,2
EH2E8ZS,2024-09-04 18:45:25,2
XHFU27Z,2025-03-17 20:16:08,2
KENZ9S7,2024-07-03 18:41:17,2
5WM9VXX,2024-08-14 10:53:52,2
9NBEMFS,2024-07-12 18:15:31,2
TWW44SK,2025-06-12 19:48:07,2
9BW4MN6,2025-05-07 19:15:45,2
78QMUCA,2025-03-19 20:45:15,2
43Y73R8,2025-05-05 16:04:15,2
R4GMG2G,2024-11-15 16:15:19,2
MNWSTKY,2024-08-19 18:19:08,2
REUJJ58,2025-01-18 23:42:40,2
SGPNTVM,2024-08-01 18:46:59,2
CPYFYWR,2024-12-18 10:00:59,2
3ECEZCP,2025-02-11 20:45:46,2
GKCYXUA,2024-11-25 0:46:51,2
39UXCZU,2025-06-17 19:40:25,2
QYC5F4J,2025-02-14 20:18:15,2
EPDHE2Q,2025-03-11 20:36:44,2
5WNBNHY,2024-07-29 14:55:13,2
NED56ZQ,2025-03-12 20:46:45,2
JGE9T59,2024-09-20 9:23:34,2
UYHQNGR,2024-10-24 13:52:55,2
SFCWPBW,2024-09-09 16:26:09,2
P9VT74D,2024-10-14 14:32:11,2
VAXWD5K,2024-07-04 18:45:27,2
MZG65AH,2024-07-26 18:49:49,2
37XR8KH,2024-12-20 19:45:39,2
D76YS5S,2024-08-15 19:02:36,2
CRYNP87,2025-03-25 20:16:12,2
6FCH85Y,2024-12-26 19:46:49,2
73534PA,2024-07-15 15:25:00,2
VR66N4H,2024-07-22 18:38:55,2
FVF5Y43,2025-05-15 19:26:05,2
2DTFGQP,2024-10-16 19:18:48,2
R6KEHD4,2024-07-17 18:15:43,2
ATKHUMW,2025-05-13 19:41:37,2
4JN8QAP,2024-11-28 14:45:49,2
QHWSZ4P,2025-07-08 19:16:14,2
R3RXANN,2025-01-10 19:26:09,2
C7JF3RU,2025-03-19 20:21:55,2
QSWR5YJ,2025-04-18 19:41:05,2
9ZDM78P,2024-08-29 18:28:55,2
BNUS42H,2024-08-02 18:40:41,2
6JYWMBS,2024-12-30 17:04:24,2
XG2HRUF,2024-10-16 19:27:31,2
QNFM9X7,2025-06-10 19:24:29,2
9M58P67,2024-07-31 15:16:12,2
QBK9KY9,2024-11-29 19:40:11,2
3S7SNMM,2024-11-29 19:17:20,2
XTCD4MD,2025-04-18 19:24:50,2
Q2BKT2B,2024-07-01 15:07:16,2
KBWMTEY,2025-05-06 19:42:26,2
U7UUPPK,2024-10-21 16:47:33,2
SDMH5X5,2024-09-20 12:40:26,2
GCCNTP7,2024-08-20 15:05:43,2
H4WUKGW,2024-09-16 13:40:47,2
8UTX9NC,2024-09-25 14:08:17,2
EHXX3CN,2024-07-29 16:08:07,2
KRXYQNF,2025-01-09 14:49:31,2
H8CDRHD,2024-10-17 18:13:39,2
4S9Q6SN,2024-07-11 18:50:50,2
ZMCA92U,2025-03-17 17:14:25,2
SDQ7ZMF,2024-09-05 16:47:45,2
BX53ZRS,2024-07-23 10:16:39,2
ECV3WNG,2025-01-24 20:30:45,2
TT6TUXV,2025-05-02 19:43:44,2
J3G6YD8,2024-08-29 18:59:05,2
SPYUKYQ,2025-05-05 19:40:23,2
583HZGG,2024-07-15 18:40:54,2
UZCG2MP,2025-02-28 20:49:18,2
VW7T9XX,2024-12-03 15:40:02,2
XF6ARC3,2024-09-02 18:47:59,2
7TJMP8V,2024-12-26 19:16:20,2
28JYQKJ,2024-09-30 20:23:49,2
PVF4VMZ,2025-01-24 20:42:50,2
8UEA5E7,2024-07-17 18:17:30,2
QMK2NXT,2025-01-01 19:21:38,2
RDCGP88,2025-04-01 19:46:50,2
44XME8D,2025-04-22 19:39:30,2
8RXN6P9,2025-01-04 23:22:42,2
KFT445U,2024-07-29 14:57:41,2
QKUV85M,2024-11-11 17:03:16,2
JXGGSXM,2024-08-26 14:49:58,2
X6KWMRY,2024-10-08 9:55:22,2
5KMFBT2,2025-06-20 19:21:01,2
7ZGQBA8,2024-12-03 19:24:52,2
QUKYJKA,2025-02-25 20:16:02,2
N83SJU9,2024-07-15 15:29:07,2
QM2D2YQ,2025-01-08 19:21:29,2
NRFA5Q2,2024-08-21 8:07:57,2
AA2TFZM,2025-01-28 20:31:04,2
H4SQSY8,2025-05-01 19:40:35,2
8B3P2A7,2024-12-03 16:42:22,2
RMWWNCX,2024-09-23 18:38:06,2
6PQZ93C,2024-12-31 19:22:58,2
HEDJSQ9,2025-03-18 20:21:23,2
VCVDK32,2025-04-18 19:22:25,2
M9NRCMC,2024-12-03 14:51:52,2
KUWMC7D,2024-10-03 18:46:33,2
YDU5YF8,2024-09-25 18:48:15,2
J9DGMJ3,2024-11-25 17:34:08,2
TVBDKEE,2024-11-11 17:01:56,2
7XCVKU2,2025-04-16 17:33:22,2
R32R2EC,2024-12-02 16:39:42,2
FN6C2XW,2024-07-18 18:15:28,2
Q3UJDSD,2025-04-08 19:45:42,2
FPW69GE,2024-07-25 18:17:43,2
N9VYUA9,2024-12-09 16:45:18,2
BUR298C,2024-11-19 11:39:02,2
3WR6V8Y,2024-10-02 18:51:07,2
6KNP55C,2025-04-01 19:34:14,2
HBDBG43,2025-06-12 19:43:30,2
4HRZ4KU,2024-12-04 19:31:46,2
8RU5J3P,2024-12-24 19:39:14,2
9NKEHYR,2025-03-03 20:45:27,2
TTRDAQR,2025-04-10 19:38:37,2
STQ5WWZ,2025-05-12 19:22:20,2
URS5NMP,2025-04-15 19:39:04,2
YN7A4G5,2024-09-19 20:32:22,2
9T223ET,2024-11-28 19:37:47,2
ZCUH8QF,2024-08-05 14:56:02,2
GN9TKHP,2025-05-21 19:41:18,2
RZG8CM4,2024-12-03 19:15:07,2
7FVKUEX,2024-11-29 19:14:29,2
3TFU4CA,2024-12-03 16:45:56,2
HSFP7PZ,2024-10-23 19:12:37,2
BJ9VEH6,2025-06-12 19:49:11,2
79BGEYT,2024-12-10 19:32:55,2
2GBQU6Z,2024-11-28 15:00:26,2
YSVXJ92,2024-08-21 18:16:34,2
YFESFT7,2024-12-04 10:20:29,2
829Z5R6,2025-05-29 19:44:22,2
VKJWQKX,2025-07-01 19:42:02,2
UV2QQA6,2025-04-30 19:42:25,2
DHBV9CY,2025-06-19 19:41:10,2
BDYYMEE,2024-07-30 9:22:43,2
4B4ZGQF,2024-10-04 18:44:31,2
F6T6XKF,2024-12-10 19:44:47,2
Q23K9RZ,2025-06-16 19:38:24,2
9UEGHHB,2025-04-01 19:23:53,2
NZ3GHBY,2024-10-01 15:28:28,2
MADQ5YB,2024-10-29 14:29:54,2
69QSK82,2024-11-28 14:57:16,2
E8AKF4Y,2024-11-25 0:19:06,2
XZAYHWZ,2025-05-09 19:16:10,2
PFC4V89,2025-02-13 20:41:41,2
K264655,2024-09-25 9:29:54,2
3ZXYQX5,2025-04-07 19:28:06,2
PXRKR6S,2024-12-31 19:32:35,2
SETSVVH,2024-09-09 14:50:30,2
ZNEP9TR,2024-09-06 16:40:13,2
9Z663BR,2025-01-04 23:45:32,2
XC55FSV,2025-01-11 23:41:48,2
AP3UYP3,2024-09-02 18:18:55,2
EHX2UDB,2024-08-26 15:19:16,2
SZVYUNW,2024-07-30 18:42:23,2
CTHWTC5,2024-12-04 9:38:43,2
ZMRQ6D5,2024-07-29 14:27:28,2
AEMMUCZ,2024-08-14 10:52:22,2
VUSSHJW,2024-10-21 8:57:29,2
B5GKFT7,2024-12-17 19:42:09,2
72DR8EN,2025-06-24 19:18:46,2
4B7C4DZ,2025-06-20 19:33:08,2
MXS2JQ8,2024-08-23 19:00:58,2
Z7PV3Z4,2024-11-25 11:20:08,2
X3BNJGR,2024-10-28 10:31:31,2
5TKDTTA,2025-02-07 20:16:21,2
MQ76G7X,2024-09-25 18:51:59,2
AWJXFCY,2025-03-10 20:20:07,2
MH2TZFR,2025-04-23 19:43:56,2
RF6W4MN,2025-02-05 20:23:34,2
FNEEDZZ,2024-10-15 18:56:42,2
WFHRE46,2024-08-20 19:03:45,2
5736JE9,2025-01-15 19:41:27,2
HS4U8UG,2024-11-06 14:12:37,2
CXBQE5Z,2025-07-09 19:39:41,2
6WYUUSR,2025-06-09 19:48:17,2
UQDAXDD,2024-09-19 20:46:05,2
FJTT6QA,2024-09-11 18:45:04,2
8F22TAS,2025-06-03 19:29:30,2
HH656RP,2024-07-29 16:09:26,2
8WKRVJ4,2024-12-04 19:24:48,2
RAXPN4R,2025-04-15 19:28:58,2
4VDGUYJ,2025-06-23 19:39:41,2
8SKXS6G,2024-08-14 11:05:29,2
9N9VZ9N,2024-10-24 14:27:12,2
55BEDFJ,2024-10-21 16:59:11,2
BTT9SY6,2025-05-22 19:33:54,2
CWDAT9J,2025-05-19 19:16:36,2
CCG6UF7,2025-01-14 19:41:25,2
QJKTWEF,2024-07-22 15:24:47,2
EVK8GU9,2025-04-07 19:20:44,2
GV6XU5Z,2025-03-27 20:48:05,2
SCJMNFT,2024-11-28 14:40:45,2
DD7ADAN,2024-11-06 14:16:55,2
AN7Z6CA,2025-04-08 19:42:31,2
RFPMXAF,2025-05-05 19:42:26,2
NCVMYE3,2024-12-25 19:46:09,2
KQZVNFK,2025-04-07 19:45:36,2
4ESRTV3,2024-09-25 14:09:11,2
225ANEJ,2024-10-07 17:15:28,2
7ME9XQW,2024-10-21 15:32:05,2
6XAXR5C,2024-09-17 18:19:42,2
T4V8SYR,2024-08-22 14:14:38,2
97XX5WG,2025-04-11 19:43:22,2
Q7VQMY3,2025-01-09 19:22:06,2
WQBQQ94,2024-10-23 19:08:28,2
3R3ZYFU,2024-12-04 9:52:21,2
5B7G4Y2,2025-04-08 19:31:56,2
GMBKYZB,2024-08-20 15:17:08,2
USN8CP7,2025-03-18 20:31:50,2
AF9B59P,2024-12-13 19:22:48,2
RXU6EJ3,2024-11-06 13:45:02,2
WPJ6ZWD,2024-08-12 18:45:43,2
WMDGNDJ,2024-12-04 15:18:51,2
HVUS2QH,2025-02-05 20:43:03,2
3VENV3T,2025-05-20 21:52:07,2
HAFMG2K,2024-12-03 15:57:38,2
5ZZZN6W,2024-12-03 19:22:19,2
DJF3J79,2024-12-16 16:33:34,2
J4NZEDR,2025-05-05 19:25:40,2
X8MHSUJ,2025-07-04 19:33:46,2
XXBNXH6,2025-05-07 19:39:50,2
TNY4GNQ,2024-09-18 18:21:08,2
EWA88PD,2024-10-16 13:48:38,2
BBADCWM,2024-11-20 19:15:53,2
TBZFSHQ,2024-10-24 14:35:27,2
M86HPH5,2024-10-21 17:00:16,2
GEZMRHM,2024-09-02 14:38:11,2
CSE2WW3,2025-05-26 19:40:49,2
DET3847,2025-05-16 19:44:28,2
QEQGGTB,2025-04-24 19:42:54,2
G89U5UV,2024-12-04 19:38:25,2
RKQJYD8,2024-12-06 19:25:22,2
NW2RYHM,2024-12-04 10:51:11,2
K5H685Q,2024-11-04 21:07:13,2
EQT6XNB,2024-10-24 13:57:57,2
CK8EJ2U,2024-11-06 9:28:00,2
DRRMJ6E,2024-07-01 18:40:50,2
EGEAFVF,2024-12-03 19:26:07,2
FKETQTX,2024-08-08 18:21:08,2
UTDSVD5,2024-10-15 19:25:09,2
76PE58E,2025-04-17 19:49:44,2
CWSANAS,2024-07-26 18:43:28,2
YZWKB79,2025-01-24 20:41:33,2
KWCUZMU,2024-10-21 8:53:42,2
DDJSNHJ,2025-07-09 19:21:31,2
DBWWKY7,2024-08-21 18:48:27,2
9Q4ZPNX,2025-03-04 20:35:00,2
N868NBD,2024-07-03 18:18:13,2
N7MHS4Z,2025-04-30 19:49:08,2
AP26FJF,2025-02-06 20:43:01,2
DSXJTZZ,2024-12-31 23:43:30,2
PPQXKY6,2025-05-30 19:25:54,2
AMP8K54,2024-12-31 23:41:08,2
3EQPVKY,2024-10-21 9:15:36,2
23VUW4S,2024-09-24 14:07:56,2
4TGSBAR,2024-10-29 8:57:55,2
BYPYBYM,2024-10-15 18:54:50,2
WT38Q3U,2025-06-12 19:45:22,2
9TKM7MK,2024-07-16 13:28:12,2
8KHY3ZV,2024-10-21 15:03:51,2
VXDYR9E,2024-12-03 13:41:23,2
8X5W6QU,2025-04-16 19:41:30,2
BDZ4CQ7,2025-04-14 19:21:12,2
SG63GX4,2025-02-05 20:34:10,2
2N7E69Z,2025-03-07 20:25:26,2
VQRRRHW,2024-11-08 19:40:33,2
X6MSJUD,2024-12-02 16:06:52,2
K3ZYHN2,2024-10-24 18:17:56,2
W8GP2KE,2024-08-06 18:17:30,2
NMDWCUW,2024-09-16 13:03:35,2
Q93CSA3,2024-08-28 18:17:46,2
DQB9WYG,2024-11-04 16:16:31,2
H5KCYCG,2025-01-11 23:27:53,2
UG929SZ,2025-02-07 20:33:43,2
R4ZSSPU,2025-06-19 19:18:20,2
GTDHCX2,2024-12-04 19:33:41,2
PW48ST9,2024-12-16 16:25:59,2
ESXVNB2,2024-07-22 14:59:44,2
8HJ3H7Z,2024-10-07 17:10:06,2
TF8MEVG,2025-01-16 19:24:22,2
765KQHK,2025-02-05 20:25:41,2
RBYV8P8,2025-03-19 20:41:52,2
CM8Z5XS,2024-07-29 18:13:00,2
CECGWJF,2024-12-02 19:01:06,2
P96YCXV,2024-09-25 18:16:05,2
EN9F3R8,2024-10-18 18:18:48,2
9CGE2A3,2024-11-08 19:42:06,2
RRM25AZ,2025-06-26 19:25:17,2
AGGBEFJ,2024-09-19 18:40:54,2
ACNK4YT,2024-09-23 18:41:17,2
KKMWTE5,2025-02-17 20:09:55,2
7BXUYJK,2024-09-02 18:54:39,2
Z68YEC3,2024-08-23 18:56:17,2
7GT34ER,2024-10-28 16:25:28,2
2625DX2,2024-09-11 19:20:58,2
M2QC5RW,2025-03-10 20:32:48,2
EKNJZVZ,2024-11-28 19:11:14,2
JHJP8VV,2025-03-05 20:21:59,2
5NKZ8W9,2024-11-06 10:38:03,2
4XPRACY,2025-01-31 20:26:10,2
RD8378C,2025-06-13 8:43:12,2
Z4T3DGG,2024-11-27 19:13:53,2
WWVK59Y,2024-11-27 16:06:39,2
GXVKM63,2024-10-08 10:11:56,2
G2JD55B,2024-10-04 18:49:45,2
4ZV9MRK,2025-02-11 20:24:40,2
2R4KN56,2024-07-05 18:45:09,2
WHCTGW8,2024-10-07 16:58:26,2
VQEBBPH,2025-05-01 19:24:17,2
4ARS483,2024-08-15 18:18:32,2
WGJB78V,2024-07-26 18:44:27,2
XQWH7S7,2025-01-09 14:54:35,2
QHTXZ5R,2025-01-02 19:24:13,2
CBTMFJU,2024-09-03 18:51:12,2
VF36KZE,2024-09-02 18:53:04,2
DKE4BV4,2025-02-14 20:49:38,2
33BCMQW,2024-12-31 23:37:27,2
XKHVC5M,2025-03-04 20:51:08,2
QVNWG5R,2024-12-31 19:29:48,2
W86TVN9,2024-07-18 14:36:48,2
CDWMS4N,2024-10-29 14:22:19,2
Y7NWGF9,2025-02-05 20:33:36,2
A9XD8X2,2025-06-13 8:50:27,2
ZUMKVTR,2024-10-25 19:16:18,2
2ZC7F5Q,2025-05-28 19:21:06,2
GEP3F26,2025-07-08 19:23:18,2
TYS9GMB,2024-11-22 19:24:24,2
2FSPJ73,2025-02-11 20:31:53,2
UJXK2XE,2024-12-06 16:10:48,2
HWXZQSA,2024-07-16 6:54:58,2
8F8CEUA,2024-10-16 8:54:26,2
E4H65US,2024-10-10 18:59:32,2
BGJG47M,2024-12-03 13:43:43,2
V8ZA9MA,2024-09-16 23:36:20,2
FNJ7QWT,2024-07-18 14:28:42,2
XWKQCSN,2024-12-03 16:40:35,2
BKPBSCT,2024-07-25 18:43:47,2
D4G5V4S,2024-08-09 18:46:33,2
4T48A99,2025-05-14 19:40:37,2
D662MHV,2024-11-27 19:06:13,2
4XREWS5,2025-05-06 20:02:47,2
MYKX8FS,2024-08-30 18:29:45,2
8T6PU3Y,2024-07-22 18:17:27,2
BPWR4VB,2024-12-09 14:06:09,2
A5QWDPK,2024-12-27 19:42:44,2
YNEBUER,2024-12-03 14:56:30,2
MC4UZ2Z,2025-06-24 19:42:15,2
3F87G9B,2025-04-10 19:20:53,2
G7RWUZS,2025-02-28 20:50:20,2
93E7GXM,2024-11-06 19:23:49,2
775FU9F,2024-08-02 18:42:24,2
WRY75BB,2025-01-09 19:34:32,2
6QD5ZC3,2024-11-19 19:43:16,2
DYVVB8T,2024-10-10 18:45:13,2
MJCRMDE,2024-11-21 20:19:52,2
ARPZN87,2025-02-13 20:47:40,2
U2GG3F8,2024-09-19 18:38:27,2
DNJBAQ3,2025-07-09 19:41:32,2
2QA27U9,2024-09-19 17:21:25,2
2TE2NKM,2024-12-04 13:55:00,2
NKSMVTH,2024-11-07 12:22:17,2
BZXNGKX,2024-10-29 19:51:54,2
5SUNW8K,2025-02-25 20:18:11,2
EVPENKP,2024-11-29 19:20:15,2
3ZARSZY,2024-11-25 10:56:42,2
RVNH8JA,2025-04-28 19:34:59,2
K9GT5A4,2024-11-25 17:53:16,2
65U8CRE,2025-05-06 19:41:30,2
B4K97SE,2024-09-02 18:45:32,2
8BC3PZV,2025-06-19 19:41:58,2
CVPN4DW,2024-11-07 19:49:55,2
BKRY54N,2024-11-28 19:10:00,2
FJGFDJW,2025-06-16 19:30:23,2
XJTN57V,2024-12-10 19:25:35,2
KQNAAUA,2025-02-03 20:21:33,2
X7TG5Q3,2025-07-03 19:13:35,2
6AHAYKE,2024-10-22 9:19:21,2
9U68ZS9,2024-10-16 18:23:24,2
3ETDUCG,2024-11-21 15:01:15,2
KFHQA4R,2025-01-06 17:24:44,2
TNRXPK5,2025-06-30 19:42:38,2
FM7ENYE,2024-10-24 19:15:43,2
993U9H7,2024-11-04 16:12:00,2
4JADAAJ,2024-12-16 17:16:19,2
NWMPQW2,2025-06-26 19:45:27,2
2GBE9VZ,2024-10-25 19:15:17,2
5CA4F73,2025-04-23 19:30:36,2
729S3KN,2025-04-22 19:22:54,2
MPEUJFN,2025-04-24 19:17:17,2
557XH88,2025-04-22 19:19:49,2
Q5UE5BJ,2024-08-28 16:49:54,2
3RVFJ2B,2025-01-03 19:22:39,2
3SS573V,2025-05-14 19:17:40,2
YCW53X7,2024-11-06 14:05:27,2
PN24S6C,2024-09-10 18:17:53,2
8QAMRV2,2025-04-29 19:30:34,2
87VABK4,2024-11-05 19:27:48,2
MTQR8T5,2025-02-12 20:16:43,2
R36ZZ2F,2025-06-09 19:43:01,2
CKK25EF,2024-12-02 16:32:46,2
ND6XP5Y,2024-10-16 18:21:18,2
UZS397U,2024-11-22 19:14:25,2
PGJUQFD,2024-09-25 9:27:58,2
MACTZNS,2024-12-10 19:43:28,2
WXRWGRN,2025-03-24 20:20:03,2
3U23X5H,2025-04-17 19:24:45,2
773MQA2,2025-04-11 19:27:49,2
ZJ4A98T,2024-12-17 20:05:56,2
47NMU7D,2024-11-21 19:16:38,2
GWVDCYP,2024-12-04 19:17:31,2
8SW9KJX,2024-10-07 14:53:21,2
VWJACAD,2025-06-19 19:32:11,2
NB7XY89,2025-05-15 19:42:35,2
68MYJPV,2025-04-24 19:48:00,2
VNB24DN,2024-10-15 19:18:14,2
UUKEZ34,2024-09-02 18:29:19,2
RP38AGD,2024-10-28 16:31:21,2
QCCHV6A,2024-08-13 19:00:05,2
9KRSBH9,2024-08-14 19:01:12,2
QJKKS3F,2024-10-01 13:02:37,2
6J86E47,2025-04-18 19:45:51,2
RJMKJZN,2025-02-27 17:37:46,2
W4WEQ2J,2024-12-02 16:03:12,2
CPH58FB,2025-04-08 19:24:31,2
RU66RS8,2025-02-05 20:16:58,2
P2QXH9X,2024-12-31 23:39:52,2
RPQB6RA,2024-08-15 19:04:24,2
UJDJZ3H,2025-06-20 19:30:50,2
YDHKE3J,2024-10-22 19:19:56,2
6849M9C,2024-11-28 19:44:48,2
U4CHSEC,2025-07-08 19:34:28,2
3S8X2X5,2025-05-05 19:45:33,2
7TRXQMS,2025-01-23 20:23:29,2
4G2SAX7,2024-12-05 19:32:32,2
JP4V8NC,2024-07-01 18:41:12,2
MD7VC2V,2024-09-06 14:33:09,2
SEYMSX2,2024-12-12 19:39:03,2
HBWWEDR,2025-01-07 19:24:40,2
CNZVKQ9,2024-12-03 15:40:32,2
J5X78MV,2025-05-20 19:22:46,2
8FCTPHG,2024-10-09 18:52:13,2
KUPMGF4,2024-09-16 13:52:45,2
Q3BH7B5,2024-08-05 18:13:07,2
FBVUSMM,2024-11-06 15:32:37,2
DBSYKR4,2025-07-04 19:22:46,2
U65BH7J,2025-03-10 20:33:45,2
8942MH7,2024-11-21 13:46:14,2
WWKTESN,2024-08-30 18:25:48,2
UZWNCN7,2024-10-11 18:52:45,2
CJ33JNE,2024-11-06 16:01:12,2
M6GRPMY,2024-10-28 16:21:29,2
PZBK756,2025-05-23 19:29:35,2
BNK6HVT,2025-06-19 19:42:08,2
YHH65GB,2024-07-02 18:37:10,2
9XG6QQN,2024-07-05 18:17:06,2
2PH9PAF,2025-04-02 19:43:18,2
WWSN42T,2024-11-29 19:19:21,2
DBJWNCV,2024-11-04 10:41:23,2
DPGVHWE,2024-08-14 18:18:27,2
WM27GK4,2024-12-11 19:35:08,2
X67MYER,2024-09-16 16:04:37,2
N5YJU2Z,2024-08-28 18:51:20,2
TAJT4KH,2024-10-22 19:24:47,2
PD7D9D3,2025-01-16 19:16:08,2
PNV9M7P,2024-11-27 19:09:48,2
FFPMYS6,2025-04-29 19:45:36,2
7E97696,2024-08-07 18:57:48,2
88KQ2Q5,2025-06-06 9:39:33,2
8XQ2SHM,2025-04-14 19:39:50,2
Q2A923U,2024-11-01 20:11:36,2
3AUSUYP,2025-05-14 19:42:55,2
WA3XP78,2025-02-05 20:46:50,2
4K9NHMT,2024-09-16 23:33:07,2
QT46ZR9,2025-03-24 20:43:44,2
93KZ6AG,2024-09-19 18:09:25,2
9ZKJM3E,2025-06-30 19:35:13,2
489NY2Z,2024-12-03 19:11:24,2
79FWV92,2024-10-17 9:02:17,2
SB7X8TM,2024-09-16 23:22:43,2
AVWWGVY,2024-08-23 18:53:20,2
QYJ6MZT,2024-10-14 14:22:24,2
N34BTYG,2024-10-15 8:55:15,2
VGDHMRG,2025-05-26 19:16:03,2
CWAUX8R,2025-05-05 10:50:29,2
CXC6ZTH,2024-12-04 13:53:04,2
QYH9PUR,2024-08-23 18:46:39,2
44TAAMY,2025-03-05 10:58:38,2
2M9MTUG,2024-09-03 18:54:47,2
6MUG3FS,2024-11-21 19:17:10,2
7B4DBEB,2024-07-15 14:59:10,2
HQE7HVS,2025-02-10 20:28:34,2
ZYYEZD4,2024-10-01 18:51:57,2
RZ34FE2,2024-12-12 19:17:46,2
DFYV64R,2024-09-16 23:44:47,2
ZX26DAH,2024-07-31 18:43:04,2
MFP9BHY,2024-12-03 19:35:00,2
2RMW6AQ,2024-09-05 18:59:23,2
T8R5VSF,2024-10-11 18:46:11,2
TBB679P,2025-07-17 8:44:52,2
42CTP8P,2024-08-21 18:43:03,2
HU8P466,2024-10-09 13:38:46,2
X9JV7JK,2025-01-08 19:29:36,2
Q2ZGHFU,2024-10-11 18:51:28,2
CKBY5QA,2024-09-16 23:23:50,2
YWXTNJW,2024-07-17 18:48:36,2
N8PDDE5,2024-10-22 9:32:52,2
QRASXFF,2024-09-24 18:24:04,2
5JAFXXN,2024-09-18 18:16:06,2
H3NUMKX,2024-07-12 8:54:24,2
F8VNNKB,2025-01-06 14:47:24,2
XC5U2DM,2025-06-23 19:34:13,2
A58P3GC,2024-10-16 19:19:56,2
PQA28HJ,2024-11-12 19:13:26,2
3CH7MMK,2025-02-21 20:18:58,2
GNYWFP7,2024-11-15 16:11:59,2
E5APAX4,2024-10-18 14:26:03,2
CU28DZJ,2025-03-04 20:25:05,2
E3698VG,2024-07-31 18:40:17,2
K69SXMG,2024-08-06 18:48:56,2
QG3P757,2024-12-03 16:43:31,2
QNC7RSQ,2024-09-05 18:17:42,2
GBF2N78,2025-02-19 20:45:50,2
9UHK6QR,2024-07-24 18:52:26,2
ZFBCS54,2025-03-14 20:48:03,2
R38VSDD,2024-11-28 14:33:17,2
JD3565E,2024-07-08 18:10:27,2
EUJWA76,2025-05-16 19:25:50,2
WRUM6P6,2024-09-19 18:43:57,2
6ZTTYN7,2025-02-05 20:49:12,2
TXXT2YC,2024-11-27 19:09:54,2
ETG3ZHK,2025-06-10 19:26:55,2
FDZPEVC,2024-09-16 23:42:11,2
F4XZPMS,2025-05-12 19:46:59,2
MB2CBQ7,2025-06-05 19:50:22,2
DZBMW94,2024-11-29 19:36:16,2
7HJEDHN,2024-09-10 8:13:39,2
PSEY7ZP,2024-12-16 16:40:52,2
R7N2TXV,2024-12-02 16:35:38,2
P7MBUFQ,2024-10-24 19:14:36,2
WZ6V8BT,2025-04-23 19:40:34,2
UUE43QS,2024-11-25 10:57:42,2
M6Q4DSE,2024-10-15 19:15:14,2
8E29A2W,2024-12-12 19:14:33,2
93GSVZG,2024-09-03 18:18:00,2
HCUMYA5,2024-09-16 23:19:48,2
QJD6FXJ,2024-07-29 15:37:42,2
HC7ZEP6,2025-01-28 20:50:49,2
A93ZP43,2024-09-24 18:37:13,2
DTEAP8U,2025-02-10 20:41:42,2
JDESYJP,2024-10-11 18:42:46,2
C8ARTMB,2024-11-15 19:20:42,2
E8PJWKG,2024-09-09 15:38:46,2
P7MGFZ7,2024-10-02 9:11:08,2
CA6DMU8,2024-11-05 13:55:35,2
4JRHXHW,2024-07-17 18:42:32,2
AQKSVZW,2024-10-21 16:41:48,2
CPQ6HJ7,2024-11-06 14:02:01,2
T8TDYE4,2025-01-08 19:42:56,2
6SNXVY3,2024-12-25 19:30:08,2
GZKGDST,2025-01-03 19:42:23,2
J4EGYET,2024-09-09 18:55:20,2
BGATAR4,2024-10-31 19:18:52,2
33MMDVY,2025-05-20 22:08:38,2
HG373V8,2024-07-18 18:40:48,2
NCVDYBV,2025-03-05 20:41:22,2
2C5AVN3,2024-11-04 19:03:21,2
HX9U3KB,2024-10-25 18:27:32,2
EYS2EDM,2024-09-25 9:51:04,2
YSMJ952,2024-10-21 17:08:55,2
WEQBCYM,2024-11-29 19:35:28,2
2X52T7B,2025-05-13 19:32:29,2
P2GW2MV,2024-11-04 21:06:19,2
MF243Z4,2025-03-31 19:45:07,2
UBHNNBF,2024-07-16 6:51:36,2
338WU9Z,2025-06-23 19:42:58,2
3W9PQ6N,2025-03-18 20:32:52,2
4RHU85H,2025-02-19 20:32:17,2
S365HVH,2024-11-27 16:07:27,2
UZGMQPH,2024-10-03 18:40:00,2
BRYVRRB,2024-11-28 19:46:36,2
T4X2ZXS,2025-02-06 20:32:15,2
3KX9KMJ,2024-11-13 19:31:21,2
RQPEFK2,2024-10-02 9:10:08,2
6ZBBG36,2024-11-27 16:12:44,2
P9EPW8H,2025-02-26 16:45:28,2
BJ9GM6G,2024-09-13 18:21:05,2
G95C9N7,2024-07-15 15:23:12,2
S6KCFNN,2025-02-10 11:56:39,2
6RYANUA,2024-12-31 19:46:49,2
3K3B5N2,2024-12-05 19:45:31,2
YZAF5X9,2025-06-16 19:41:10,2
7ERH35Q,2025-02-17 20:35:25,2
24UATPH,2024-09-20 18:22:00,2
JM9DK2J,2025-02-17 20:23:20,2
YRG9X9C,2025-02-10 20:40:45,2
ZQDE4FG,2025-04-22 19:40:49,2
CJGQWA3,2025-03-31 16:15:13,2
BC78Q2C,2024-11-07 19:32:22,2
7N5D9NF,2025-03-18 20:42:27,2
P82SJY5,2025-05-29 19:24:13,2
J3TEHPM,2024-11-08 19:28:54,2
KFZX2YG,2024-08-21 8:04:43,2
7ZVNWDH,2024-07-01 16:00:58,2
NH278AB,2024-12-19 19:27:19,2
EM2HDR6,2024-12-12 19:36:15,2
4K5MFKN,2025-01-15 19:42:27,2
5X8ABUG,2024-08-01 7:55:26,2
D2BNUMR,2024-10-14 17:03:11,2
EAMT69Y,2024-11-04 16:53:35,2
5AVA2K7,2024-10-21 15:56:33,2
Z8GA3V7,2025-06-12 19:22:42,2
WM6TMKD,2024-11-28 19:42:13,2
JFTP883,2024-12-10 19:21:43,2
377KN93,2025-04-17 19:53:09,2
Q9F5VPX,2024-10-31 12:30:17,2
X2TP24R,2024-07-31 18:50:13,2
36W3EAH,2024-09-10 18:52:11,2
H7MQPED,2024-11-04 16:07:14,2
6N4MNUG,2024-10-07 17:03:41,2
EE6UK65,2025-01-09 14:27:15,2
S7BCAA2,2025-01-16 19:37:22,2
KDFQ6DK,2024-09-13 18:54:23,2
RN7TR46,2024-09-20 13:10:04,2
PDJ5UAK,2024-08-26 15:26:04,2
4UVX4UT,2025-06-30 19:15:07,2
6V5A5NY,2025-04-29 19:43:08,2
7WYZ5BG,2024-10-15 19:20:15,2
AUBM89D,2025-02-25 20:46:27,2
ET9Z73S,2024-08-26 18:22:19,2
PNQ97AB,2024-09-24 18:22:53,2
HB6W5VS,2025-05-20 21:52:35,2
4JREZ4F,2025-01-22 20:34:35,2
NUMZTCQ,2025-03-03 15:03:19,2
CC7VDN3,2024-07-01 15:47:24,2
5NC97N9,2025-06-18 19:32:20,2
E5DQX3P,2024-07-22 18:39:18,2
4BRK98S,2024-10-30 19:49:39,2
VAYRCX7,2024-07-11 18:17:25,2
STUA5WJ,2024-10-23 18:23:50,2
U7EFHA6,2025-04-28 19:38:25,2
K8S72UN,2024-07-11 18:36:24,2
YFS5C3C,2024-09-20 12:31:22,2
GVG5W3J,2025-02-27 20:43:17,2
36KC24A,2024-08-20 15:01:41,2
MTE8A5A,2025-06-13 8:55:08,2
CYDSH6U,2024-12-04 9:58:04,2
FPCNGTF,2024-08-14 18:54:36,2
ENU8PNZ,2024-09-19 21:00:32,2
ZNRX2XQ,2024-11-25 0:23:52,2
JWR9HFD,2024-11-29 19:20:07,2
4H94NR7,2025-04-03 19:29:30,2
F7QBSX3,2024-08-05 15:06:54,2
Y6QHFFK,2024-09-24 14:27:32,2
642PZHT,2024-10-15 19:04:08,2
ERDXSME,2025-06-24 19:47:19,2
GGCRBTP,2024-09-13 19:14:33,2
BPUEX3B,2024-08-16 18:57:36,2
G9EKBSF,2024-12-16 16:39:58,2
JA2RXK5,2025-03-05 20:36:25,2
PEDT8YM,2025-04-02 19:21:33,2
HCVV5NC,2024-12-04 10:57:35,2
3HB3G7Z,2024-10-17 9:39:46,2
NVM3FZQ,2025-03-06 20:44:26,2
JG7F4VC,2024-09-02 15:05:17,2
VTHR9AQ,2024-11-27 19:19:00,2
78M7RSP,2024-12-10 19:39:38,2
W4RS4Z7,2024-11-27 19:17:53,2
68FUHNK,2025-04-28 19:18:22,2
BF74SVT,2024-07-15 15:20:30,2
JXDWBJ8,2025-04-25 19:39:39,2
9C82JZE,2024-12-26 19:40:26,2
PTER47C,2025-06-11 19:21:26,2
ET95S7Z,2024-10-08 18:18:45,2
8DTCFEY,2025-01-03 19:40:08,2
FFZGK6W,2025-03-18 20:43:42,2
ZW3ABGB,2025-06-06 19:21:15,2
CTBBHHU,2024-12-17 19:44:53,2
ZZ7SSBY,2024-10-21 16:01:11,2
H9FTGUP,2025-02-24 20:31:43,2
8XFBGR9,2024-10-30 20:11:48,2
R65QZMR,2025-05-02 19:51:19,2
UCJ3RN8,2024-10-08 18:49:56,2
BPZUMRX,2025-05-05 19:43:31,2
H8PNQDD,2025-02-17 20:46:41,2
BWGC4XG,2024-07-23 7:27:37,2
BW4UGMX,2025-06-24 19:43:34,2
RFCDYF6,2025-05-06 19:41:05,2
YCC47VR,2024-11-25 0:42:34,2
AB7PYHC,2025-01-09 19:28:18,2
N7RGAEP,2025-06-30 19:21:13,2
N9YW4SD,2024-11-27 16:08:58,2
H2NK37G,2024-11-20 19:23:44,2
A9U2RQX,2024-12-03 13:35:43,2
QFR9N6M,2024-09-20 18:55:16,2
4TA4PXQ,2025-02-19 20:45:09,2
S4DZ8PN,2025-01-10 19:29:18,2
EVMSV5Z,2025-04-22 19:30:59,2
Q6H9E3M,2024-11-22 19:34:18,2
KJ3XZSX,2024-11-04 16:41:15,2
AK9FTHK,2025-07-01 19:19:26,2
P2KBQ98,2025-06-04 19:17:50,2
7B33MMU,2025-04-14 19:41:35,2
3KXC7SC,2024-11-13 19:13:35,2
7GGEXTQ,2025-03-13 9:21:52,1
24R7QZB,2025-04-01 8:25:14,1
XBB36EC,2024-10-28 8:22:32,1
N763Z4Z,2024-10-29 8:19:17,1
UGJCWDS,2025-04-05 8:07:27,1
D55GE58,2025-03-14 9:28:31,1
SSBUEXV,2025-04-07 8:50:44,1
QP5YQVR,2024-10-01 8:03:45,1
RFUMJAT,2024-10-06 7:58:25,1
EV5X8RC,2024-08-06 13:28:11,1
J8XD775,2024-12-12 9:13:09,1
4B35PY7,2025-01-18 9:28:11,1
EYFEKUC,2025-04-24 14:34:37,1
4WCMSYD,2025-07-11 9:42:11,1
PWZ78VZ,2025-04-27 12:23:29,1
TUSR7VF,2025-04-07 9:05:50,1
QYD95RU,2025-04-01 13:49:13,1
WF4TMQK,2025-04-06 15:02:56,1
29QPQ3U,2025-04-07 7:45:11,1
UJJ7GE3,2024-11-15 10:54:50,1
VBZ7ZF3,2024-11-01 13:36:54,1
TYK46PV,2024-11-13 13:53:27,1
FB9U4CC,2025-06-13 15:18:46,1
8XX9T2V,2025-04-03 17:36:28,1
7VSR79C,2025-06-19 14:37:48,1
S5UP2GW,2025-03-11 20:36:37,1
YNPPRMA,2025-02-19 20:34:17,1
5JE3PQ5,2024-10-07 18:42:36,1
B9QDXFD,2025-01-26 20:33:43,1
87C9JBC,2025-02-13 20:35:12,1
SU6KND9,2024-12-24 19:31:44,1
JWGSXWB,2024-12-13 16:49:24,1
96TCDUC,2024-11-30 19:34:57,1
ZZNZQSE,2025-01-12 23:32:05,1
SH6P7YJ,2024-09-17 23:18:00,1
U3KRTUN,2025-01-07 19:34:21,1
R54MPSC,2025-03-28 20:37:08,1
S8WJURU,2024-12-23 16:37:36,1
A4CVNBW,2025-02-09 20:33:41,1
47QE5MN,2024-12-02 11:33:09,1
GBMBM6C,2024-07-10 13:20:24,1
SWXY8SW,2024-07-25 7:52:53,1
2VE8C8T,2024-11-01 9:37:26,1
K7NTXZP,2024-08-13 8:51:13,1
ABGA3MY,2024-12-27 13:07:02,1
XPPTXHU,2024-10-24 10:24:45,1
NGADPW2,2024-11-07 15:00:54,1
7259QTU,2024-10-23 12:14:38,1
F4MSU4H,2024-11-08 14:48:18,1
B68WEUU,2024-11-15 14:44:16,1
U4QH94T,2024-10-27 10:36:26,1
KPG35W9,2024-10-26 12:12:41,1
2AJJNK6,2024-11-21 16:46:57,1
Z4X4QFY,2024-10-28 10:34:45,1
3HYNEFQ,2024-10-30 9:57:45,1
EZJKTY4,2025-01-05 19:34:51,1
VARHP63,2025-03-15 20:34:59,1
NP4682X,2025-03-13 20:36:28,1
YBHUTP4,2025-02-02 20:36:48,1
7UKVTYE,2024-12-29 19:30:24,1
C4BCH55,2024-12-14 19:31:22,1
HXEHSYE,2024-10-22 15:22:47,1
SV7V767,2024-10-16 12:26:06,1
4EMDXZ2,2024-11-21 17:34:12,1
R9UMCFT,2024-08-15 8:59:58,1
3DDMC5R,2025-04-05 19:35:28,1
B6PPDTC,2024-12-04 16:09:17,1
KFA97KQ,2024-12-07 13:09:59,1
6EHCDQQ,2024-09-10 11:16:32,1
EN9URJZ,2025-01-12 19:33:39,1
CC643YY,2025-03-24 20:33:06,1
FGUYABQ,2024-12-29 19:34:24,1
7XGQPP4,2024-12-02 19:34:58,1
RJG5KDC,2024-12-16 19:33:56,1
3G564BJ,2025-02-27 20:33:50,1
X9DMEPM,2024-11-05 10:21:13,1
9ZH5CK3,2024-10-05 12:34:25,1
DK7X6N4,2024-11-09 11:08:59,1
QC3DMN5,2024-12-04 10:58:29,1
ZTJQRS4,2024-12-27 19:32:07,1
U4EU789,2025-01-26 19:32:53,1
SXH3TTN,2025-04-03 20:36:35,1
N4YHGRC,2024-09-23 13:22:05,1
YWCTW85,2025-03-20 20:34:24,1
3XYKRW8,2024-12-08 16:27:42,1
NNJTEJU,2025-01-11 14:42:09,1
WTHSJ73,2025-02-21 20:33:13,1
YJ6UPWS,2025-02-19 20:33:14,1
2PJV2JW,2024-12-24 19:39:58,1
CDYAJK6,2025-03-21 20:34:42,1
AWU9YCM,2025-01-02 19:32:26,1
5D6P3JY,2024-11-29 10:48:05,1
HVSYA33,2025-01-07 23:35:50,1
P7UY737,2024-12-06 14:55:57,1
PAXQJQN,2024-07-22 16:13:31,1
27DAQZW,2025-03-01 21:17:03,1
J62UJXY,2024-09-16 15:03:57,1
ZTDZH2Y,2024-09-28 15:37:48,1
JP76TKQ,2025-04-21 13:25:35,1
242KZ9N,2025-04-18 13:27:07,1
9532QEB,2024-09-25 9:06:51,1
ZPMX9NQ,2025-04-11 14:02:11,1
KCCPPAV,2025-06-21 13:05:17,1
SRY3G7F,2025-03-06 16:38:15,1
R3GTDTT,2025-03-01 16:33:18,1
DWSWPNK,2025-02-14 11:31:10,1
39G8WQP,2025-03-10 19:01:44,1
7SKY3VY,2025-03-03 9:50:17,1
5WNMR6B,2024-07-29 8:53:12,1
T2KZG32,2024-11-04 9:44:36,1
WQAHAHH,2024-11-24 9:05:48,1
UQYVTXB,2024-10-28 9:33:06,1
BSFEWTM,2025-02-11 20:34:22,1
3R85B4A,2025-07-16 19:31:53,1
TW24JFH,2025-02-12 20:32:46,1
7S3NQ5P,2025-03-19 17:23:08,1
U7VG68D,2025-04-01 10:10:40,1
MCXCYR9,2025-04-27 19:34:09,1
Z2UPVJW,2024-12-25 19:29:38,1
7G7A2N8,2024-10-30 10:34:26,1
7YCHCP9,2024-11-01 10:44:13,1
P6H4JDG,2024-11-07 10:16:35,1
HEDJSQ9,2025-03-25 20:21:23,3
VCVDK32,2025-04-19 19:22:25,3
M9NRCMC,2024-12-05 14:51:52,3
KUWMC7D,2024-10-12 18:46:33,3
YDU5YF8,2024-09-30 18:48:15,3
J9DGMJ3,2024-12-04 17:34:08,3
TVBDKEE,2024-11-15 17:01:56,3
7XCVKU2,2025-04-20 17:33:22,3
R32R2EC,2024-12-08 16:39:42,3
FN6C2XW,2024-07-23 18:15:28,3
Q3UJDSD,2025-04-12 19:45:42,3
FPW69GE,2024-07-31 18:17:43,3
N9VYUA9,2024-12-15 16:45:18,3
BUR298C,2024-11-24 11:39:02,3
3WR6V8Y,2024-10-11 18:51:07,3
6KNP55C,2025-04-07 19:34:14,3
HBDBG43,2025-06-19 19:43:30,3
4HRZ4KU,2024-12-04 19:31:46,3
8RU5J3P,2025-01-03 19:39:14,3
9NKEHYR,2025-03-04 20:45:27,3
TTRDAQR,2025-04-16 19:38:37,3
STQ5WWZ,2025-05-15 19:22:20,3
URS5NMP,2025-04-22 19:39:04,3
YN7A4G5,2024-09-20 20:32:22,3
9T223ET,2024-11-30 19:37:47,3
ZCUH8QF,2024-08-13 14:56:02,3
GN9TKHP,2025-05-24 19:41:18,3
RZG8CM4,2024-12-04 19:15:07,3
7FVKUEX,2024-12-04 19:14:29,3
3TFU4CA,2024-12-07 16:45:56,3
HSFP7PZ,2024-10-25 19:12:37,3
BJ9VEH6,2025-06-18 19:49:11,3
79BGEYT,2024-12-14 19:32:55,3
2GBQU6Z,2024-12-03 15:00:26,3
YSVXJ92,2024-08-22 18:16:34,3
YFESFT7,2024-12-06 10:20:29,3
829Z5R6,2025-06-07 19:44:22,3
VKJWQKX,2025-07-08 19:42:02,3
UV2QQA6,2025-05-09 19:42:25,3
DHBV9CY,2025-06-20 19:41:10,3
BDYYMEE,2024-08-08 9:22:43,3
4B4ZGQF,2024-10-07 18:44:31,3
F6T6XKF,2024-12-18 19:44:47,3
Q23K9RZ,2025-06-16 19:38:24,3
9UEGHHB,2025-04-06 19:23:53,3
NZ3GHBY,2024-10-03 15:28:28,3
MADQ5YB,2024-11-01 14:29:54,3
69QSK82,2024-12-02 14:57:16,3
E8AKF4Y,2024-11-28 0:19:06,3
XZAYHWZ,2025-05-16 19:16:10,3
PFC4V89,2025-02-18 20:41:41,3
K264655,2024-10-02 9:29:54,3
3ZXYQX5,2025-04-11 19:28:06,3
PXRKR6S,2025-01-04 19:32:35,3
SETSVVH,2024-09-12 14:50:30,3
ZNEP9TR,2024-09-15 16:40:13,3
9Z663BR,2025-01-05 23:45:32,3
XC55FSV,2025-01-12 23:41:48,3
AP3UYP3,2024-09-07 18:18:55,3
EHX2UDB,2024-08-30 15:19:16,3
SZVYUNW,2024-08-04 18:42:23,3
CTHWTC5,2024-12-07 9:38:43,3
ZMRQ6D5,2024-08-01 14:27:28,3
AEMMUCZ,2024-08-19 10:52:22,3
VUSSHJW,2024-10-29 8:57:29,3
B5GKFT7,2024-12-22 19:42:09,3
72DR8EN,2025-06-29 19:18:46,3
4B7C4DZ,2025-06-27 19:33:08,3
MXS2JQ8,2024-08-23 19:00:58,3
Z7PV3Z4,2024-12-04 11:20:08,3
X3BNJGR,2024-11-06 10:31:31,3
5TKDTTA,2025-02-10 20:16:21,3
MQ76G7X,2024-10-02 18:51:59,3
AWJXFCY,2025-03-14 20:20:07,3
MH2TZFR,2025-04-24 19:43:56,3
RF6W4MN,2025-02-07 20:23:34,3
FNEEDZZ,2024-10-18 18:56:42,3
WFHRE46,2024-08-21 19:03:45,3
5736JE9,2025-01-20 19:41:27,3
HS4U8UG,2024-11-09 14:12:37,3
CXBQE5Z,2025-07-14 19:39:41,3
6WYUUSR,2025-06-17 19:48:17,3
UQDAXDD,2024-09-22 20:46:05,3
FJTT6QA,2024-09-18 18:45:04,3
8F22TAS,2025-06-11 19:29:30,3
HH656RP,2024-08-03 16:09:26,3
8WKRVJ4,2024-12-06 19:24:48,3
RAXPN4R,2025-04-19 19:28:58,3
4VDGUYJ,2025-06-23 19:39:41,3
8SKXS6G,2024-08-18 11:05:29,3
9N9VZ9N,2024-10-31 14:27:12,3
55BEDFJ,2024-10-23 16:59:11,3
BTT9SY6,2025-05-26 19:33:54,3
CWDAT9J,2025-05-21 19:16:36,3
CCG6UF7,2025-01-24 19:41:25,3
QJKTWEF,2024-07-31 15:24:47,3
EVK8GU9,2025-04-10 19:20:44,3
GV6XU5Z,2025-04-06 20:48:05,3
SCJMNFT,2024-12-02 14:40:45,3
DD7ADAN,2024-11-09 14:16:55,3
AN7Z6CA,2025-04-08 19:42:31,3
RFPMXAF,2025-05-13 19:42:26,3
NCVMYE3,2025-01-03 19:46:09,3
KQZVNFK,2025-04-12 19:45:36,3
4ESRTV3,2024-09-30 14:09:11,3
225ANEJ,2024-10-09 17:15:28,3
7ME9XQW,2024-10-31 15:32:05,3
6XAXR5C,2024-09-25 18:19:42,3
T4V8SYR,2024-08-31 14:14:38,3
97XX5WG,2025-04-17 19:43:22,3
Q7VQMY3,2025-01-16 19:22:06,3
WQBQQ94,2024-10-25 19:08:28,3
3R3ZYFU,2024-12-05 9:52:21,3
5B7G4Y2,2025-04-17 19:31:56,3
GMBKYZB,2024-08-22 15:17:08,3
USN8CP7,2025-03-25 20:31:50,3
AF9B59P,2024-12-16 19:22:48,3
RXU6EJ3,2024-11-09 13:45:02,3
WPJ6ZWD,2024-08-14 18:45:43,3
WMDGNDJ,2024-12-07 15:18:51,3
HVUS2QH,2025-02-08 20:43:03,3
3VENV3T,2025-05-27 21:52:07,3
HAFMG2K,2024-12-08 15:57:38,3
5ZZZN6W,2024-12-11 19:22:19,3
DJF3J79,2024-12-24 16:33:34,3
J4NZEDR,2025-05-06 19:25:40,3
X8MHSUJ,2025-07-14 19:33:46,3
XXBNXH6,2025-05-09 19:39:50,3
TNY4GNQ,2024-09-18 18:21:08,3
EWA88PD,2024-10-26 13:48:38,3
BBADCWM,2024-11-24 19:15:53,3
TBZFSHQ,2024-10-28 14:35:27,3
M86HPH5,2024-10-24 17:00:16,3
GEZMRHM,2024-09-05 14:38:11,3
CSE2WW3,2025-05-29 19:40:49,3
DET3847,2025-05-21 19:44:28,3
QEQGGTB,2025-04-30 19:42:54,3
G89U5UV,2024-12-10 19:38:25,3
RKQJYD8,2024-12-15 19:25:22,3
NW2RYHM,2024-12-07 10:51:11,3
K5H685Q,2024-11-05 21:07:13,3
EQT6XNB,2024-11-01 13:57:57,3
CK8EJ2U,2024-11-14 9:28:00,3
DRRMJ6E,2024-07-03 18:40:50,3
EGEAFVF,2024-12-10 19:26:07,3
FKETQTX,2024-08-09 18:21:08,3
UTDSVD5,2024-10-16 19:25:09,3
76PE58E,2025-04-18 19:49:44,3
CWSANAS,2024-08-01 18:43:28,3
YZWKB79,2025-01-24 20:41:33,3
KWCUZMU,2024-10-25 8:53:42,3
DDJSNHJ,2025-07-16 19:21:31,3
DBWWKY7,2024-08-22 18:48:27,3
9Q4ZPNX,2025-03-13 20:35:00,3
N868NBD,2024-07-05 18:18:13,3
N7MHS4Z,2025-05-06 19:49:08,3
AP26FJF,2025-02-11 20:43:01,3
DSXJTZZ,2025-01-05 23:43:30,3
PPQXKY6,2025-06-08 19:25:54,3
AMP8K54,2024-12-31 23:41:08,3
3EQPVKY,2024-10-26 9:15:36,3
23VUW4S,2024-09-29 14:07:56,3
4TGSBAR,2024-11-02 8:57:55,3
BYPYBYM,2024-10-23 18:54:50,3
WT38Q3U,2025-06-18 19:45:22,3
9TKM7MK,2024-07-21 13:28:12,3
8KHY3ZV,2024-10-29 15:03:51,3
VXDYR9E,2024-12-09 13:41:23,3
8X5W6QU,2025-04-18 19:41:30,3
BDZ4CQ7,2025-04-20 19:21:12,3
SG63GX4,2025-02-14 20:34:10,3
2N7E69Z,2025-03-09 20:25:26,3
VQRRRHW,2024-11-16 19:40:33,3
X6MSJUD,2024-12-05 16:06:52,3
K3ZYHN2,2024-10-27 18:17:56,3
W8GP2KE,2024-08-08 18:17:30,3
NMDWCUW,2024-09-18 13:03:35,3
Q93CSA3,2024-09-01 18:17:46,3
DQB9WYG,2024-11-10 16:16:31,3
H5KCYCG,2025-01-17 23:27:53,3
UG929SZ,2025-02-12 20:33:43,3
R4ZSSPU,2025-06-24 19:18:20,3
GTDHCX2,2024-12-08 19:33:41,3
PW48ST9,2024-12-23 16:25:59,3
ESXVNB2,2024-07-22 14:59:44,3
8HJ3H7Z,2024-10-13 17:10:06,3
TF8MEVG,2025-01-23 19:24:22,3
765KQHK,2025-02-13 20:25:41,3
RBYV8P8,2025-03-21 20:41:52,3
CM8Z5XS,2024-07-29 18:13:00,3
CECGWJF,2024-12-04 19:01:06,3
P96YCXV,2024-10-05 18:16:05,3
EN9F3R8,2024-10-24 18:18:48,3
9CGE2A3,2024-11-13 19:42:06,3
RRM25AZ,2025-07-02 19:25:17,3
AGGBEFJ,2024-09-23 18:40:54,3
ACNK4YT,2024-09-26 18:41:17,3
KKMWTE5,2025-02-17 20:09:55,3
7BXUYJK,2024-09-02 18:54:39,3
Z68YEC3,2024-08-30 18:56:17,3
7GT34ER,2024-11-05 16:25:28,3
2625DX2,2024-09-19 19:20:58,3
M2QC5RW,2025-03-11 20:32:48,3
EKNJZVZ,2024-12-01 19:11:14,3
JHJP8VV,2025-03-05 20:21:59,3
5NKZ8W9,2024-11-07 10:38:03,3
4XPRACY,2025-02-08 20:26:10,3
RD8378C,2025-06-18 8:43:12,3
Z4T3DGG,2024-12-02 19:13:53,3
WWVK59Y,2024-11-28 16:06:39,3
GXVKM63,2024-10-16 10:11:56,3
G2JD55B,2024-10-07 18:49:45,3
4ZV9MRK,2025-02-16 20:24:40,3
2R4KN56,2024-07-11 18:45:09,3
WHCTGW8,2024-10-14 16:58:26,3
VQEBBPH,2025-05-10 19:24:17,3
4ARS483,2024-08-22 18:18:32,3
WGJB78V,2024-08-03 18:44:27,3
XQWH7S7,2025-01-11 14:54:35,3
QHTXZ5R,2025-01-08 19:24:13,3
CBTMFJU,2024-09-06 18:51:12,3
VF36KZE,2024-09-10 18:53:04,3
DKE4BV4,2025-02-23 20:49:38,3
33BCMQW,2025-01-02 23:37:27,3
XKHVC5M,2025-03-05 20:51:08,3
QVNWG5R,2025-01-04 19:29:48,3
W86TVN9,2024-07-28 14:36:48,3
CDWMS4N,2024-11-01 14:22:19,3
Y7NWGF9,2025-02-15 20:33:36,3
A9XD8X2,2025-06-15 8:50:27,3
ZUMKVTR,2024-10-29 19:16:18,3
2ZC7F5Q,2025-05-31 19:21:06,3
GEP3F26,2025-07-10 19:23:18,3
TYS9GMB,2024-11-26 19:24:24,3
2FSPJ73,2025-02-16 20:31:53,3
UJXK2XE,2024-12-11 16:10:48,3
HWXZQSA,2024-07-21 6:54:58,3
8F8CEUA,2024-10-23 8:54:26,3
E4H65US,2024-10-15 18:59:32,3
BGJG47M,2024-12-09 13:43:43,3
V8ZA9MA,2024-09-17 23:36:20,3
FNJ7QWT,2024-07-27 14:28:42,3
XWKQCSN,2024-12-04 16:40:35,3
BKPBSCT,2024-08-02 18:43:47,3
D4G5V4S,2024-08-10 18:46:33,3
4T48A99,2025-05-15 19:40:37,3
D662MHV,2024-11-29 19:06:13,3
4XREWS5,2025-05-09 20:02:47,3
MYKX8FS,2024-09-08 18:29:45,3
8T6PU3Y,2024-07-25 18:17:27,3
BPWR4VB,2024-12-14 14:06:09,3
A5QWDPK,2025-01-02 19:42:44,3
YNEBUER,2024-12-07 14:56:30,3
MC4UZ2Z,2025-06-28 19:42:15,3
3F87G9B,2025-04-14 19:20:53,3
G7RWUZS,2025-03-09 20:50:20,3
93E7GXM,2024-11-12 19:23:49,3
775FU9F,2024-08-11 18:42:24,3
WRY75BB,2025-01-13 19:34:32,3
6QD5ZC3,2024-11-29 19:43:16,3
DYVVB8T,2024-10-11 18:45:13,3
MJCRMDE,2024-11-30 20:19:52,3
ARPZN87,2025-02-16 20:47:40,3
U2GG3F8,2024-09-21 18:38:27,3
DNJBAQ3,2025-07-15 19:41:32,3
2QA27U9,2024-09-24 17:21:25,3
2TE2NKM,2024-12-08 13:55:00,3
NKSMVTH,2024-11-11 12:22:17,3
BZXNGKX,2024-11-02 19:51:54,3
5SUNW8K,2025-03-03 20:18:11,3
EVPENKP,2024-12-09 19:20:15,3
3ZARSZY,2024-12-02 10:56:42,3
RVNH8JA,2025-05-05 19:34:59,3
K9GT5A4,2024-12-02 17:53:16,3
65U8CRE,2025-05-06 19:41:30,3
B4K97SE,2024-09-03 18:45:32,3
8BC3PZV,2025-06-29 19:41:58,3
CVPN4DW,2024-11-11 19:49:55,3
BKRY54N,2024-12-06 19:10:00,3
FJGFDJW,2025-06-18 19:30:23,3
XJTN57V,2024-12-12 19:25:35,3
KQNAAUA,2025-02-08 20:21:33,3
X7TG5Q3,2025-07-07 19:13:35,3
6AHAYKE,2024-10-26 9:19:21,3
9U68ZS9,2024-10-21 18:23:24,3
3ETDUCG,2024-11-26 15:01:15,3
KFHQA4R,2025-01-11 17:24:44,3
TNRXPK5,2025-07-08 19:42:38,3
FM7ENYE,2024-10-28 19:15:43,3
993U9H7,2024-11-12 16:12:00,3
4JADAAJ,2024-12-25 17:16:19,3
NWMPQW2,2025-07-05 19:45:27,3
2GBE9VZ,2024-10-26 19:15:17,3
5CA4F73,2025-04-29 19:30:36,3
729S3KN,2025-04-26 19:22:54,3
MPEUJFN,2025-05-02 19:17:17,3
557XH88,2025-04-23 19:19:49,3
Q5UE5BJ,2024-08-30 16:49:54,3
3RVFJ2B,2025-01-11 19:22:39,3
3SS573V,2025-05-16 19:17:40,3
YCW53X7,2024-11-06 14:05:27,3
PN24S6C,2024-09-15 18:17:53,3
8QAMRV2,2025-05-04 19:30:34,3
87VABK4,2024-11-07 19:27:48,3
MTQR8T5,2025-02-17 20:16:43,3
R36ZZ2F,2025-06-12 19:43:01,3
CKK25EF,2024-12-04 16:32:46,3
ND6XP5Y,2024-10-16 18:21:18,3
UZS397U,2024-11-27 19:14:25,3
PGJUQFD,2024-10-04 9:27:58,3
MACTZNS,2024-12-16 19:43:28,3
WXRWGRN,2025-04-01 20:20:03,3
3U23X5H,2025-04-18 19:24:45,3
773MQA2,2025-04-20 19:27:49,3
ZJ4A98T,2024-12-20 20:05:56,3
47NMU7D,2024-11-29 19:16:38,3
GWVDCYP,2024-12-14 19:17:31,3
8SW9KJX,2024-10-11 14:53:21,3
VWJACAD,2025-06-21 19:32:11,3
NB7XY89,2025-05-16 19:42:35,3
68MYJPV,2025-04-28 19:48:00,3