order_id,paid_at,currency
7GGEXTQ,2025-03-05 9:21:52,USD
24R7QZB,2025-04-01 8:25:14,USD
XBB36EC,2024-10-23 8:22:32,USD
N763Z4Z,2024-10-23 8:19:17,USD
UGJCWDS,2025-04-01 8:07:27,USD
D55GE58,2025-03-06 9:28:31,USD
SSBUEXV,2025-03-31 8:50:44,USD
QP5YQVR,2024-09-26 8:03:45,USD
RFUMJAT,2024-09-26 7:58:25,USD
EV5X8RC,2024-07-30 13:28:11,USD
J8XD775,2024-12-04 9:13:09,USD
4B35PY7,2025-01-16 9:28:11,USD
EYFEKUC,2025-04-17 14:34:37,USD
4WCMSYD,2025-07-09 9:42:11,USD
PWZ78VZ,2025-04-18 12:23:29,USD
TUSR7VF,2025-04-04 9:05:50,USD
QYD95RU,2025-03-28 13:49:13,USD
WF4TMQK,2025-03-28 15:02:56,USD
29QPQ3U,2025-04-01 7:45:11,USD
UJJ7GE3,2024-11-14 10:54:50,USD
VBZ7ZF3,2024-10-29 13:36:54,USD
TYK46PV,2024-11-05 13:53:27,USD
FB9U4CC,2025-06-06 15:18:46,USD
8XX9T2V,2025-03-28 17:36:28,USD
7VSR79C,2025-06-13 14:37:48,USD
S5UP2GW,2025-03-05 20:36:37,USD
YNPPRMA,2025-02-18 20:34:17,USD
5JE3PQ5,2024-09-30 18:42:36,USD
B9QDXFD,2025-01-24 20:33:43,USD
87C9JBC,2025-02-06 20:35:12,USD
SU6KND9,2024-12-17 19:31:44,USD
JWGSXWB,2024-12-09 16:49:24,USD
96TCDUC,2024-11-29 19:34:57,USD
ZZNZQSE,2025-01-11 23:32:05,USD
SH6P7YJ,2024-09-16 23:18:00,USD
U3KRTUN,2025-01-02 19:34:21,USD
R54MPSC,2025-03-24 20:37:08,USD
S8WJURU,2024-12-16 16:37:36,USD
A4CVNBW,2025-02-03 20:33:41,USD
47QE5MN,2024-11-25 11:33:09,USD
GBMBM6C,2024-07-02 13:20:24,USD
SWXY8SW,2024-07-23 7:52:53,USD
2VE8C8T,2024-10-22 9:37:26,USD
K7NTXZP,2024-08-06 8:51:13,USD
ABGA3MY,2024-12-17 13:07:02,USD
XPPTXHU,2024-10-22 10:24:45,USD
NGADPW2,2024-11-05 15:00:54,USD
7259QTU,2024-10-22 12:14:38,USD
F4MSU4H,2024-11-05 14:48:18,USD
B68WEUU,2024-11-05 14:44:16,USD
U4QH94T,2024-10-22 10:36:26,USD
KPG35W9,2024-10-22 12:12:41,USD
2AJJNK6,2024-11-14 16:46:57,USD
Z4X4QFY,2024-10-22 10:34:45,USD
3HYNEFQ,2024-10-25 9:57:45,USD
EZJKTY4,2024-12-27 19:34:51,USD
VARHP63,2025-03-10 20:34:59,USD
NP4682X,2025-03-04 20:36:28,USD
YBHUTP4,2025-01-23 20:36:48,USD
7UKVTYE,2024-12-24 19:30:24,USD
C4BCH55,2024-12-05 19:31:22,USD
HXEHSYE,2024-10-21 15:22:47,USD
SV7V767,2024-10-16 12:26:06,USD
4EMDXZ2,2024-11-18 17:34:12,USD
R9UMCFT,2024-08-07 8:59:58,USD
3DDMC5R,2025-03-31 19:35:28,USD
B6PPDTC,2024-12-03 16:09:17,USD
KFA97KQ,2024-12-04 13:09:59,USD
6EHCDQQ,2024-09-03 11:16:32,USD
EN9URJZ,2025-01-03 19:33:39,USD
CC643YY,2025-03-17 20:33:06,USD
FGUYABQ,2024-12-26 19:34:24,USD
7XGQPP4,2024-11-28 19:34:58,USD
RJG5KDC,2024-12-11 19:33:56,USD
3G564BJ,2025-02-25 20:33:50,USD
X9DMEPM,2024-10-29 10:21:13,USD
9ZH5CK3,2024-10-01 12:34:25,USD
DK7X6N4,2024-11-05 11:08:59,USD
QC3DMN5,2024-12-03 10:58:29,USD
ZTJQRS4,2024-12-25 19:32:07,USD
U4EU789,2025-01-17 19:32:53,USD
SXH3TTN,2025-03-26 20:36:35,USD
N4YHGRC,2024-09-16 13:22:05,USD
YWCTW85,2025-03-18 20:34:24,USD
3XYKRW8,2024-12-02 16:27:42,USD
NNJTEJU,2025-01-09 14:42:09,USD
WTHSJ73,2025-02-12 20:33:13,USD
YJ6UPWS,2025-02-19 20:33:14,USD
2PJV2JW,2024-12-19 19:39:58,USD
CDYAJK6,2025-03-19 20:34:42,USD
AWU9YCM,2024-12-31 19:32:26,USD
5D6P3JY,2024-11-25 10:48:05,USD
HVSYA33,2025-01-04 23:35:50,USD
P7UY737,2024-11-28 14:55:57,USD
PAXQJQN,2024-07-16 16:13:31,USD
27DAQZW,2025-02-23 21:17:03,USD
J62UJXY,2024-09-10 15:03:57,USD
ZTDZH2Y,2024-09-24 15:37:48,USD
JP76TKQ,2025-04-11 13:25:35,USD
242KZ9N,2025-04-11 13:27:07,USD
9532QEB,2024-09-17 9:06:51,USD
ZPMX9NQ,2025-04-03 14:02:11,USD
KCCPPAV,2025-06-20 13:05:17,USD
SRY3G7F,2025-03-06 16:38:15,USD
R3GTDTT,2025-02-26 16:33:18,USD
DWSWPNK,2025-02-13 11:31:10,USD
39G8WQP,2025-03-06 19:01:44,USD
7SKY3VY,2025-02-25 9:50:17,USD
5WNMR6B,2024-07-23 8:53:12,USD
T2KZG32,2024-10-29 9:44:36,USD
WQAHAHH,2024-11-19 9:05:48,USD
UQYVTXB,2024-10-22 9:33:06,USD
BSFEWTM,2025-02-11 20:34:22,USD
3R85B4A,2025-07-07 19:31:53,USD
TW24JFH,2025-02-03 20:32:46,USD
7S3NQ5P,2025-03-18 17:23:08,USD
U7VG68D,2025-03-26 10:10:40,USD
MCXCYR9,2025-04-24 19:34:09,USD
Z2UPVJW,2024-12-24 19:29:38,USD
7G7A2N8,2024-10-28 10:34:26,USD
7YCHCP9,2024-10-28 10:44:13,USD
P6H4JDG,2024-10-28 10:16:35,USD
HXEWPMC,2024-10-28 10:13:52,USD
SCQ7MBU,2024-09-16 13:21:11,USD
Y3GAC7G,2025-05-28 19:32:09,USD
XEXFMVE,2025-03-14 20:33:44,USD
N9E68XG,2025-05-05 11:53:08,USD
3TS7DRD,2025-05-05 8:15:04,USD
PK26U46,2025-04-17 14:28:46,USD
S8D6AMD,2024-08-12 18:54:06,USD
Q83UQHE,2024-10-23 19:04:15,USD
2WWWVDN,2025-04-24 19:44:01,USD
KJJ38YE,2024-08-19 18:17:14,USD
XHYTBW6,2025-02-06 20:45:38,USD
G7KXCYZ,2025-01-31 20:42:39,USD
ZW8YJAM,2025-04-08 19:19:16,USD
EPBX73V,2024-07-17 18:37:13,USD
X6GRVSF,2024-08-14 15:17:40,USD
ZWY97NM,2024-09-25 18:40:06,USD
4Y4RS4S,2024-09-16 13:05:45,USD
T77NEHS,2024-07-19 18:42:10,USD
ZV3K7PE,2024-10-21 8:58:22,USD
445JQGF,2024-07-29 15:03:08,USD
E2VXBUN,2025-02-17 20:33:57,USD
K7CBE5X,2024-11-13 19:28:25,USD
CXMR7YZ,2024-12-04 10:12:08,USD
F68TF3A,2025-05-22 19:20:44,USD
2BCM2AE,2024-12-05 19:40:04,USD
F4AQD8B,2024-10-08 6:37:16,USD
XNEUW9X,2024-11-08 19:23:49,USD
RAUGJJ6,2025-04-01 19:20:14,USD
R5URQ9M,2025-05-19 19:42:14,USD
XC78QJ2,2025-01-17 19:28:35,USD
SGXB8S8,2025-06-10 19:45:43,USD
PPJ4PZU,2024-10-03 18:38:56,USD
N3RPX67,2024-10-01 18:39:32,USD
3DZWU6T,2024-11-29 19:37:20,USD
K3QP77U,2025-02-19 20:47:20,USD
KXUV49Q,2025-01-28 20:44:44,USD
MPTWZT7,2025-05-20 19:18:43,USD
FRWTNBX,2024-07-04 18:39:06,USD
JAZFZ2F,2025-04-28 19:37:24,USD
CWQS85A,2024-09-19 17:50:07,USD
P3X2GE7,2025-06-10 19:50:49,USD
K4VJTAU,2024-11-21 19:35:11,USD
D3N25B4,2024-11-19 19:44:16,USD
PP423X4,2024-08-14 18:18:18,USD
5B3BZ3E,2025-01-27 21:02:28,USD
XA2NZAR,2024-08-14 12:42:44,USD
W8CN6F2,2024-10-01 18:15:51,USD
E3JM7BE,2024-12-31 23:23:33,USD
NEW956Q,2024-10-29 20:13:48,USD
9JJFCWS,2025-01-28 20:54:05,USD
EBT3RXZ,2024-08-26 18:18:16,USD
NRUT3C3,2024-10-28 16:23:33,USD
9QJTWKC,2024-09-05 18:44:07,USD
BDDM5JA,2024-08-28 18:43:16,USD
PTP94XW,2024-12-04 19:36:46,USD
CC55QD4,2025-03-03 20:19:37,USD
QW7NEAK,2024-10-16 9:11:07,USD
NGMYXK6,2024-07-15 15:16:18,USD
DMF46RC,2025-01-24 20:23:55,USD
H26REDJ,2025-03-19 20:38:02,USD
RBVZ9Q7,2025-01-24 20:33:49,USD
BKY5GSW,2024-10-16 8:50:54,USD
JV9754X,2024-08-20 18:50:33,USD
2FWWAQU,2025-03-13 20:21:01,USD
Y3ETQ7D,2024-09-24 14:11:03,USD
9SMCYBZ,2024-11-04 16:52:36,USD
GB7F36P,2025-01-18 23:31:33,USD
VT6YX82,2024-12-09 16:42:52,USD
5W848NS,2024-12-27 19:29:00,USD
PBFA93A,2024-09-19 20:58:00,USD
BCUCJUC,2024-10-16 8:56:19,USD
YRHZZA8,2024-12-02 16:17:59,USD
AG3ZWNH,2025-05-28 19:15:58,USD
TZCCTHW,2024-10-28 16:30:29,USD
JDMR4B8,2024-12-03 14:28:23,USD
9K376XE,2024-07-01 16:00:05,USD
9QEE276,2024-11-20 19:19:56,USD
B9YE32V,2024-07-15 18:14:44,USD
32VJW79,2025-05-06 19:19:13,USD
CPKCKXU,2025-05-05 19:20:22,USD
KHTY9K2,2024-11-04 19:06:09,USD
5K7UBA7,2025-02-26 20:25:20,USD
USZMJUD,2024-07-01 16:22:15,USD
XDHUEK3,2024-08-21 8:24:50,USD
SXH5MXM,2024-10-21 15:30:46,USD
JZB7VF2,2024-08-14 18:53:02,USD
ZUSUD5M,2025-05-07 19:42:49,USD
85QZ4GQ,2024-12-04 13:55:43,USD
B4D7SH5,2024-11-07 19:42:50,USD
2AYNDJC,2024-09-17 18:40:34,USD
HQFYZEK,2025-03-25 20:45:45,USD
X5AX7FX,2025-05-20 19:27:03,USD
HBS7R49,2024-09-19 17:23:17,USD
5YDDRF5,2024-11-20 19:44:46,USD
42PMJRH,2025-05-20 19:57:11,USD
72XVSER,2025-06-16 19:20:45,USD
HMSDKM4,2025-03-14 20:17:35,USD
UM64Z4E,2024-09-09 16:06:47,USD
38KDYFA,2024-08-21 8:33:39,USD
GE3E2NZ,2024-12-17 19:31:09,USD
3BHPUU3,2024-10-18 18:10:11,USD
PYQUA3R,2024-12-06 19:48:17,USD
BSVUAAE,2024-09-23 16:14:54,USD
5X4AJYP,2024-12-04 10:12:43,USD
JTGBQKV,2025-06-16 19:43:51,USD
9YSXWTT,2024-12-02 16:16:40,USD
P68WUCN,2025-05-28 19:25:10,USD
PXYGVJW,2024-11-15 19:30:13,USD
GY5UW5X,2024-12-18 11:39:07,USD
9TZANY9,2024-07-24 18:16:11,USD
C3ZU2EJ,2024-07-10 18:52:38,USD
4P6GJMR,2025-04-18 19:40:21,USD
B855CM7,2024-12-04 9:46:29,USD
AUFX9KZ,2024-12-25 19:40:43,USD
449XCVE,2024-12-31 23:46:16,USD
3NUZW7S,2024-10-14 17:09:50,USD
U8NWHZV,2025-01-27 20:24:18,USD
ENARUCH,2024-11-27 19:27:09,USD
TH3X3KD,2025-02-14 20:20:41,USD
9UV5C93,2024-10-21 16:03:04,USD
TK6H4D3,2025-01-27 20:29:55,USD
PGJ26BF,2025-04-24 19:48:26,USD
6T6W6AM,2025-07-09 19:37:05,USD
BQDU5DV,2024-12-05 19:33:28,USD
FMYFW7N,2025-05-21 19:24:53,USD
7BVHC5R,2025-06-25 19:38:48,USD
45WMSPN,2025-06-05 19:25:58,USD
GGZ4VB4,2025-06-17 19:47:54,USD
4EBV2C2,2024-10-21 9:17:37,USD
WJ8F3GZ,2024-10-08 18:51:51,USD
WVBJ29J,2024-10-30 19:41:43,USD
Z55VUXW,2024-09-16 13:39:25,USD
4RS5KSX,2025-03-11 20:43:12,USD
A4F85V9,2025-07-04 19:38:29,USD
QP4FQGT,2024-10-25 18:42:46,USD
EEDWRCG,2024-08-29 18:46:22,USD
9B5K3AZ,2024-12-12 19:25:00,USD
WBEDJPU,2024-07-02 18:51:08,USD
K64JCFX,2024-09-25 18:18:44,USD
8VKWTA6,2024-10-08 10:13:54,USD
NH48H75,2025-02-17 20:42:33,USD
RM5MN4V,2025-06-05 19:36:37,USD
VA357CZ,2024-10-14 13:19:37,USD
5K7QEG7,2025-02-27 20:48:36,USD
X5PWDVG,2024-10-29 9:12:26,USD
6WJV8UG,2024-10-25 13:08:31,USD
5D5376P,2024-08-08 19:05:14,USD
3HQDRQ6,2024-07-25 18:18:59,USD
5QBWYTN,2024-07-25 18:53:03,USD
GA58BR8,2025-03-25 20:43:21,USD
EH2E8ZS,2024-09-04 18:45:25,USD
XHFU27Z,2025-03-17 20:16:08,USD
KENZ9S7,2024-07-03 18:41:17,USD
5WM9VXX,2024-08-14 10:53:52,USD
9NBEMFS,2024-07-12 18:15:31,USD
TWW44SK,2025-06-12 19:48:07,USD
9BW4MN6,2025-05-07 19:15:45,USD
78QMUCA,2025-03-19 20:45:15,USD
43Y73R8,2025-05-05 16:04:15,USD
R4GMG2G,2024-11-15 16:15:19,USD
MNWSTKY,2024-08-19 18:19:08,USD
REUJJ58,2025-01-18 23:42:40,USD
SGPNTVM,2024-08-01 18:46:59,USD
CPYFYWR,2024-12-18 10:00:59,USD
3ECEZCP,2025-02-11 20:45:46,USD
GKCYXUA,2024-11-25 0:46:51,USD
39UXCZU,2025-06-17 19:40:25,USD
QYC5F4J,2025-02-14 20:18:15,USD
EPDHE2Q,2025-03-11 20:36:44,USD
5WNBNHY,2024-07-29 14:55:13,USD
NED56ZQ,2025-03-12 20:46:45,USD
JGE9T59,2024-09-20 9:23:34,USD
UYHQNGR,2024-10-24 13:52:55,USD
SFCWPBW,2024-09-09 16:26:09,USD
P9VT74D,2024-10-14 14:32:11,USD
VAXWD5K,2024-07-04 18:45:27,USD
MZG65AH,2024-07-26 18:49:49,USD
37XR8KH,2024-12-20 19:45:39,USD
D76YS5S,2024-08-15 19:02:36,USD
CRYNP87,2025-03-25 20:16:12,USD
6FCH85Y,2024-12-26 19:46:49,USD
73534PA,2024-07-15 15:25:00,USD
VR66N4H,2024-07-22 18:38:55,USD
FVF5Y43,2025-05-15 19:26:05,USD
2DTFGQP,2024-10-16 19:18:48,USD
R6KEHD4,2024-07-17 18:15:43,USD
ATKHUMW,2025-05-13 19:41:37,USD
4JN8QAP,2024-11-28 14:45:49,USD
QHWSZ4P,2025-07-08 19:16:14,USD
R3RXANN,2025-01-10 19:26:09,USD
C7JF3RU,2025-03-19 20:21:55,USD
QSWR5YJ,2025-04-18 19:41:05,USD
9ZDM78P,2024-08-29 18:28:55,USD
BNUS42H,2024-08-02 18:40:41,USD
6JYWMBS,2024-12-30 17:04:24,USD
XG2HRUF,2024-10-16 19:27:31,USD
QNFM9X7,2025-06-10 19:24:29,USD
9M58P67,2024-07-31 15:16:12,USD
QBK9KY9,2024-11-29 19:40:11,GBP
3S7SNMM,2024-11-29 19:17:20,GBP
XTCD4MD,2025-04-18 19:24:50,GBP
Q2BKT2B,2024-07-01 15:07:16,GBP
KBWMTEY,2025-05-06 19:42:26,GBP
U7UUPPK,2024-10-21 16:47:33,GBP
SDMH5X5,2024-09-20 12:40:26,GBP
GCCNTP7,2024-08-20 15:05:43,GBP
H4WUKGW,2024-09-16 13:40:47,GBP
8UTX9NC,2024-09-25 14:08:17,GBP
EHXX3CN,2024-07-29 16:08:07,GBP
KRXYQNF,2025-01-09 14:49:31,GBP
H8CDRHD,2024-10-17 18:13:39,GBP
4S9Q6SN,2024-07-11 18:50:50,GBP
ZMCA92U,2025-03-17 17:14:25,GBP
SDQ7ZMF,2024-09-05 16:47:45,GBP
BX53ZRS,2024-07-23 10:16:39,GBP
ECV3WNG,2025-01-24 20:30:45,GBP
TT6TUXV,2025-05-02 19:43:44,GBP
J3G6YD8,2024-08-29 18:59:05,GBP
SPYUKYQ,2025-05-05 19:40:23,GBP
583HZGG,2024-07-15 18:40:54,GBP
UZCG2MP,2025-02-28 20:49:18,GBP
VW7T9XX,2024-12-03 15:40:02,GBP
XF6ARC3,2024-09-02 18:47:59,GBP
7TJMP8V,2024-12-26 19:16:20,GBP
28JYQKJ,2024-09-30 20:23:49,GBP
PVF4VMZ,2025-01-24 20:42:50,GBP
8UEA5E7,2024-07-17 18:17:30,GBP
QMK2NXT,2025-01-01 19:21:38,GBP
RDCGP88,2025-04-01 19:46:50,GBP
44XME8D,2025-04-22 19:39:30,GBP
8RXN6P9,2025-01-04 23:22:42,GBP
KFT445U,2024-07-29 14:57:41,GBP
QKUV85M,2024-11-11 17:03:16,GBP
JXGGSXM,2024-08-26 14:49:58,GBP
X6KWMRY,2024-10-08 9:55:22,GBP
5KMFBT2,2025-06-20 19:21:01,GBP
7ZGQBA8,2024-12-03 19:24:52,GBP
QUKYJKA,2025-02-25 20:16:02,GBP
N83SJU9,2024-07-15 15:29:07,GBP
QM2D2YQ,2025-01-08 19:21:29,GBP
NRFA5Q2,2024-08-21 8:07:57,GBP
AA2TFZM,2025-01-28 20:31:04,GBP
H4SQSY8,2025-05-01 19:40:35,GBP
8B3P2A7,2024-12-03 16:42:22,GBP
RMWWNCX,2024-09-23 18:38:06,GBP
6PQZ93C,2024-12-31 19:22:58,GBP
HEDJSQ9,2025-03-18 20:21:23,GBP
VCVDK32,2025-04-18 19:22:25,GBP
M9NRCMC,2024-12-03 14:51:52,GBP
KUWMC7D,2024-10-03 18:46:33,GBP
YDU5YF8,2024-09-25 18:48:15,GBP
J9DGMJ3,2024-11-25 17:34:08,GBP
TVBDKEE,2024-11-11 17:01:56,GBP
7XCVKU2,2025-04-16 17:33:22,GBP
R32R2EC,2024-12-02 16:39:42,GBP
FN6C2XW,2024-07-18 18:15:28,GBP
Q3UJDSD,2025-04-08 19:45:42,GBP
FPW69GE,2024-07-25 18:17:43,GBP
N9VYUA9,2024-12-09 16:45:18,GBP
BUR298C,2024-11-19 11:39:02,GBP
3WR6V8Y,2024-10-02 18:51:07,GBP
6KNP55C,2025-04-01 19:34:14,GBP
HBDBG43,2025-06-12 19:43:30,GBP
4HRZ4KU,2024-12-04 19:31:46,GBP
8RU5J3P,2024-12-24 19:39:14,GBP
9NKEHYR,2025-03-03 20:45:27,GBP
TTRDAQR,2025-04-10 19:38:37,GBP
STQ5WWZ,2025-05-12 19:22:20,GBP
URS5NMP,2025-04-15 19:39:04,GBP
YN7A4G5,2024-09-19 20:32:22,GBP
9T223ET,2024-11-28 19:37:47,GBP
ZCUH8QF,2024-08-05 14:56:02,GBP
GN9TKHP,2025-05-21 19:41:18,GBP
RZG8CM4,2024-12-03 19:15:07,GBP
7FVKUEX,2024-11-29 19:14:29,GBP
3TFU4CA,2024-12-03 16:45:56,GBP
HSFP7PZ,2024-10-23 19:12:37,GBP
BJ9VEH6,2025-06-12 19:49:11,GBP
79BGEYT,2024-12-10 19:32:55,GBP
2GBQU6Z,2024-11-28 15:00:26,GBP
YSVXJ92,2024-08-21 18:16:34,GBP
YFESFT7,2024-12-04 10:20:29,GBP
829Z5R6,2025-05-29 19:44:22,GBP
VKJWQKX,2025-07-01 19:42:02,GBP
UV2QQA6,2025-04-30 19:42:25,GBP
DHBV9CY,2025-06-19 19:41:10,GBP
BDYYMEE,2024-07-30 9:22:43,GBP
4B4ZGQF,2024-10-04 18:44:31,GBP
F6T6XKF,2024-12-10 19:44:47,GBP
Q23K9RZ,2025-06-16 19:38:24,GBP
9UEGHHB,2025-04-01 19:23:53,GBP
NZ3GHBY,2024-10-01 15:28:28,GBP
MADQ5YB,2024-10-29 14:29:54,GBP
69QSK82,2024-11-28 14:57:16,GBP
E8AKF4Y,2024-11-25 0:19:06,GBP
XZAYHWZ,2025-05-09 19:16:10,GBP
PFC4V89,2025-02-13 20:41:41,GBP
K264655,2024-09-25 9:29:54,GBP
3ZXYQX5,2025-04-07 19:28:06,GBP
PXRKR6S,2024-12-31 19:32:35,GBP
SETSVVH,2024-09-09 14:50:30,GBP
ZNEP9TR,2024-09-06 16:40:13,GBP
9Z663BR,2025-01-04 23:45:32,GBP
XC55FSV,2025-01-11 23:41:48,GBP
AP3UYP3,2024-09-02 18:18:55,GBP
EHX2UDB,2024-08-26 15:19:16,GBP
SZVYUNW,2024-07-30 18:42:23,GBP
CTHWTC5,2024-12-04 9:38:43,GBP
ZMRQ6D5,2024-07-29 14:27:28,GBP
AEMMUCZ,2024-08-14 10:52:22,GBP
VUSSHJW,2024-10-21 8:57:29,GBP
B5GKFT7,2024-12-17 19:42:09,GBP
72DR8EN,2025-06-24 19:18:46,GBP
4B7C4DZ,2025-06-20 19:33:08,GBP
MXS2JQ8,2024-08-23 19:00:58,GBP
Z7PV3Z4,2024-11-25 11:20:08,GBP
X3BNJGR,2024-10-28 10:31:31,GBP
5TKDTTA,2025-02-07 20:16:21,GBP
MQ76G7X,2024-09-25 18:51:59,GBP
AWJXFCY,2025-03-10 20:20:07,GBP
MH2TZFR,2025-04-23 19:43:56,GBP
RF6W4MN,2025-02-05 20:23:34,GBP
FNEEDZZ,2024-10-15 18:56:42,GBP
WFHRE46,2024-08-20 19:03:45,GBP
5736JE9,2025-01-15 19:41:27,GBP
HS4U8UG,2024-11-06 14:12:37,GBP
CXBQE5Z,2025-07-09 19:39:41,GBP
6WYUUSR,2025-06-09 19:48:17,GBP
UQDAXDD,2024-09-19 20:46:05,GBP
FJTT6QA,2024-09-11 18:45:04,GBP
8F22TAS,2025-06-03 19:29:30,GBP
HH656RP,2024-07-29 16:09:26,GBP
8WKRVJ4,2024-12-04 19:24:48,GBP
RAXPN4R,2025-04-15 19:28:58,GBP
4VDGUYJ,2025-06-23 19:39:41,GBP
8SKXS6G,2024-08-14 11:05:29,GBP
9N9VZ9N,2024-10-24 14:27:12,GBP
55BEDFJ,2024-10-21 16:59:11,GBP
BTT9SY6,2025-05-22 19:33:54,GBP
CWDAT9J,2025-05-19 19:16:36,GBP
CCG6UF7,2025-01-14 19:41:25,GBP
QJKTWEF,2024-07-22 15:24:47,GBP
EVK8GU9,2025-04-07 19:20:44,GBP
GV6XU5Z,2025-03-27 20:48:05,GBP
SCJMNFT,2024-11-28 14:40:45,GBP
DD7ADAN,2024-11-06 14:16:55,GBP
AN7Z6CA,2025-04-08 19:42:31,GBP
RFPMXAF,2025-05-05 19:42:26,GBP
NCVMYE3,2024-12-25 19:46:09,GBP
KQZVNFK,2025-04-07 19:45:36,GBP
4ESRTV3,2024-09-25 14:09:11,GBP
225ANEJ,2024-10-07 17:15:28,GBP
7ME9XQW,2024-10-21 15:32:05,GBP
6XAXR5C,2024-09-17 18:19:42,GBP
T4V8SYR,2024-08-22 14:14:38,GBP
97XX5WG,2025-04-11 19:43:22,GBP
Q7VQMY3,2025-01-09 19:22:06,GBP
WQBQQ94,2024-10-23 19:08:28,GBP
3R3ZYFU,2024-12-04 9:52:21,GBP
5B7G4Y2,2025-04-08 19:31:56,GBP
GMBKYZB,2024-08-20 15:17:08,GBP
USN8CP7,2025-03-18 20:31:50,GBP
AF9B59P,2024-12-13 19:22:48,GBP
RXU6EJ3,2024-11-06 13:45:02,GBP
WPJ6ZWD,2024-08-12 18:45:43,GBP
WMDGNDJ,2024-12-04 15:18:51,GBP
HVUS2QH,2025-02-05 20:43:03,GBP
3VENV3T,2025-05-20 21:52:07,GBP
HAFMG2K,2024-12-03 15:57:38,GBP
5ZZZN6W,2024-12-03 19:22:19,GBP
DJF3J79,2024-12-16 16:33:34,GBP
J4NZEDR,2025-05-05 19:25:40,GBP
X8MHSUJ,2025-07-04 19:33:46,GBP
XXBNXH6,2025-05-07 19:39:50,GBP
TNY4GNQ,2024-09-18 18:21:08,GBP
EWA88PD,2024-10-16 13:48:38,GBP
BBADCWM,2024-11-20 19:15:53,GBP
TBZFSHQ,2024-10-24 14:35:27,GBP
M86HPH5,2024-10-21 17:00:16,GBP
GEZMRHM,2024-09-02 14:38:11,GBP
CSE2WW3,2025-05-26 19:40:49,GBP
DET3847,2025-05-16 19:44:28,GBP
QEQGGTB,2025-04-24 19:42:54,GBP
G89U5UV,2024-12-04 19:38:25,GBP
RKQJYD8,2024-12-06 19:25:22,GBP
NW2RYHM,2024-12-04 10:51:11,GBP
K5H685Q,2024-11-04 21:07:13,GBP
EQT6XNB,2024-10-24 13:57:57,GBP
CK8EJ2U,2024-11-06 9:28:00,GBP
DRRMJ6E,2024-07-01 18:40:50,GBP
EGEAFVF,2024-12-03 19:26:07,GBP
FKETQTX,2024-08-08 18:21:08,GBP
UTDSVD5,2024-10-15 19:25:09,GBP
76PE58E,2025-04-17 19:49:44,GBP
CWSANAS,2024-07-26 18:43:28,GBP
YZWKB79,2025-01-24 20:41:33,GBP
KWCUZMU,2024-10-21 8:53:42,GBP
DDJSNHJ,2025-07-09 19:21:31,GBP
DBWWKY7,2024-08-21 18:48:27,GBP
9Q4ZPNX,2025-03-04 20:35:00,GBP
N868NBD,2024-07-03 18:18:13,GBP
N7MHS4Z,2025-04-30 19:49:08,GBP
AP26FJF,2025-02-06 20:43:01,GBP
DSXJTZZ,2024-12-31 23:43:30,GBP
PPQXKY6,2025-05-30 19:25:54,GBP
AMP8K54,2024-12-31 23:41:08,GBP
3EQPVKY,2024-10-21 9:15:36,GBP
23VUW4S,2024-09-24 14:07:56,GBP
4TGSBAR,2024-10-29 8:57:55,GBP
BYPYBYM,2024-10-15 18:54:50,GBP
WT38Q3U,2025-06-12 19:45:22,GBP
9TKM7MK,2024-07-16 13:28:12,GBP
8KHY3ZV,2024-10-21 15:03:51,GBP
VXDYR9E,2024-12-03 13:41:23,GBP
8X5W6QU,2025-04-16 19:41:30,GBP
BDZ4CQ7,2025-04-14 19:21:12,GBP
SG63GX4,2025-02-05 20:34:10,GBP
2N7E69Z,2025-03-07 20:25:26,GBP
VQRRRHW,2024-11-08 19:40:33,GBP
X6MSJUD,2024-12-02 16:06:52,GBP
K3ZYHN2,2024-10-24 18:17:56,GBP
W8GP2KE,2024-08-06 18:17:30,GBP
NMDWCUW,2024-09-16 13:03:35,GBP
Q93CSA3,2024-08-28 18:17:46,GBP
DQB9WYG,2024-11-04 16:16:31,GBP
H5KCYCG,2025-01-11 23:27:53,GBP
UG929SZ,2025-02-07 20:33:43,GBP
R4ZSSPU,2025-06-19 19:18:20,GBP
GTDHCX2,2024-12-04 19:33:41,GBP
PW48ST9,2024-12-16 16:25:59,GBP
ESXVNB2,2024-07-22 14:59:44,GBP
8HJ3H7Z,2024-10-07 17:10:06,GBP
TF8MEVG,2025-01-16 19:24:22,GBP
765KQHK,2025-02-05 20:25:41,GBP
RBYV8P8,2025-03-19 20:41:52,GBP
CM8Z5XS,2024-07-29 18:13:00,GBP
CECGWJF,2024-12-02 19:01:06,GBP
P96YCXV,2024-09-25 18:16:05,GBP
EN9F3R8,2024-10-18 18:18:48,GBP
9CGE2A3,2024-11-08 19:42:06,GBP
RRM25AZ,2025-06-26 19:25:17,GBP
AGGBEFJ,2024-09-19 18:40:54,GBP
ACNK4YT,2024-09-23 18:41:17,GBP
KKMWTE5,2025-02-17 20:09:55,GBP
7BXUYJK,2024-09-02 18:54:39,GBP
Z68YEC3,2024-08-23 18:56:17,GBP
7GT34ER,2024-10-28 16:25:28,GBP
2625DX2,2024-09-11 19:20:58,GBP
M2QC5RW,2025-03-10 20:32:48,GBP
EKNJZVZ,2024-11-28 19:11:14,GBP
JHJP8VV,2025-03-05 20:21:59,GBP
5NKZ8W9,2024-11-06 10:38:03,GBP
4XPRACY,2025-01-31 20:26:10,GBP
RD8378C,2025-06-13 8:43:12,GBP
Z4T3DGG,2024-11-27 19:13:53,GBP
WWVK59Y,2024-11-27 16:06:39,GBP
GXVKM63,2024-10-08 10:11:56,GBP
G2JD55B,2024-10-04 18:49:45,GBP
4ZV9MRK,2025-02-11 20:24:40,GBP
2R4KN56,2024-07-05 18:45:09,GBP
WHCTGW8,2024-10-07 16:58:26,GBP
VQEBBPH,2025-05-01 19:24:17,GBP
4ARS483,2024-08-15 18:18:32,GBP
WGJB78V,2024-07-26 18:44:27,GBP
XQWH7S7,2025-01-09 14:54:35,GBP
QHTXZ5R,2025-01-02 19:24:13,GBP
CBTMFJU,2024-09-03 18:51:12,GBP
VF36KZE,2024-09-02 18:53:04,GBP
DKE4BV4,2025-02-14 20:49:38,GBP
33BCMQW,2024-12-31 23:37:27,GBP
XKHVC5M,2025-03-04 20:51:08,GBP
QVNWG5R,2024-12-31 19:29:48,GBP
W86TVN9,2024-07-18 14:36:48,GBP
CDWMS4N,2024-10-29 14:22:19,EUR
Y7NWGF9,2025-02-05 20:33:36,EUR
A9XD8X2,2025-06-13 8:50:27,EUR
ZUMKVTR,2024-10-25 19:16:18,EUR
2ZC7F5Q,2025-05-28 19:21:06,EUR
GEP3F26,2025-07-08 19:23:18,EUR
TYS9GMB,2024-11-22 19:24:24,EUR
2FSPJ73,2025-02-11 20:31:53,EUR
UJXK2XE,2024-12-06 16:10:48,EUR
HWXZQSA,2024-07-16 6:54:58,EUR
8F8CEUA,2024-10-16 8:54:26,EUR
E4H65US,2024-10-10 18:59:32,EUR
BGJG47M,2024-12-03 13:43:43,EUR
V8ZA9MA,2024-09-16 23:36:20,EUR
FNJ7QWT,2024-07-18 14:28:42,EUR
XWKQCSN,2024-12-03 16:40:35,EUR
BKPBSCT,2024-07-25 18:43:47,EUR
D4G5V4S,2024-08-09 18:46:33,EUR
4T48A99,2025-05-14 19:40:37,EUR
D662MHV,2024-11-27 19:06:13,EUR
4XREWS5,2025-05-06 20:02:47,EUR
MYKX8FS,2024-08-30 18:29:45,EUR
8T6PU3Y,2024-07-22 18:17:27,EUR
BPWR4VB,2024-12-09 14:06:09,EUR
A5QWDPK,2024-12-27 19:42:44,EUR
YNEBUER,2024-12-03 14:56:30,EUR
MC4UZ2Z,2025-06-24 19:42:15,EUR
3F87G9B,2025-04-10 19:20:53,EUR
G7RWUZS,2025-02-28 20:50:20,EUR
93E7GXM,2024-11-06 19:23:49,EUR
775FU9F,2024-08-02 18:42:24,EUR
WRY75BB,2025-01-09 19:34:32,EUR
6QD5ZC3,2024-11-19 19:43:16,EUR
DYVVB8T,2024-10-10 18:45:13,EUR
MJCRMDE,2024-11-21 20:19:52,EUR
ARPZN87,2025-02-13 20:47:40,EUR
U2GG3F8,2024-09-19 18:38:27,EUR
DNJBAQ3,2025-07-09 19:41:32,EUR
2QA27U9,2024-09-19 17:21:25,EUR
2TE2NKM,2024-12-04 13:55:00,EUR
NKSMVTH,2024-11-07 12:22:17,EUR
BZXNGKX,2024-10-29 19:51:54,EUR
5SUNW8K,2025-02-25 20:18:11,EUR
EVPENKP,2024-11-29 19:20:15,EUR
3ZARSZY,2024-11-25 10:56:42,EUR
RVNH8JA,2025-04-28 19:34:59,EUR
K9GT5A4,2024-11-25 17:53:16,EUR
65U8CRE,2025-05-06 19:41:30,EUR
B4K97SE,2024-09-02 18:45:32,EUR
8BC3PZV,2025-06-19 19:41:58,EUR
CVPN4DW,2024-11-07 19:49:55,EUR
BKRY54N,2024-11-28 19:10:00,EUR
FJGFDJW,2025-06-16 19:30:23,EUR
XJTN57V,2024-12-10 19:25:35,EUR
KQNAAUA,2025-02-03 20:21:33,EUR
X7TG5Q3,2025-07-03 19:13:35,EUR
6AHAYKE,2024-10-22 9:19:21,EUR
9U68ZS9,2024-10-16 18:23:24,EUR
3ETDUCG,2024-11-21 15:01:15,EUR
KFHQA4R,2025-01-06 17:24:44,EUR
TNRXPK5,2025-06-30 19:42:38,EUR
FM7ENYE,2024-10-24 19:15:43,EUR
993U9H7,2024-11-04 16:12:00,EUR
4JADAAJ,2024-12-16 17:16:19,EUR
NWMPQW2,2025-06-26 19:45:27,EUR
2GBE9VZ,2024-10-25 19:15:17,EUR
5CA4F73,2025-04-23 19:30:36,EUR
729S3KN,2025-04-22 19:22:54,EUR
MPEUJFN,2025-04-24 19:17:17,EUR
557XH88,2025-04-22 19:19:49,EUR
Q5UE5BJ,2024-08-28 16:49:54,EUR
3RVFJ2B,2025-01-03 19:22:39,EUR
3SS573V,2025-05-14 19:17:40,EUR
YCW53X7,2024-11-06 14:05:27,EUR
PN24S6C,2024-09-10 18:17:53,EUR
8QAMRV2,2025-04-29 19:30:34,EUR
87VABK4,2024-11-05 19:27:48,EUR
MTQR8T5,2025-02-12 20:16:43,EUR
R36ZZ2F,2025-06-09 19:43:01,EUR
CKK25EF,2024-12-02 16:32:46,EUR
ND6XP5Y,2024-10-16 18:21:18,EUR
UZS397U,2024-11-22 19:14:25,EUR
PGJUQFD,2024-09-25 9:27:58,EUR
MACTZNS,2024-12-10 19:43:28,EUR
WXRWGRN,2025-03-24 20:20:03,EUR
3U23X5H,2025-04-17 19:24:45,EUR
773MQA2,2025-04-11 19:27:49,EUR
ZJ4A98T,2024-12-17 20:05:56,EUR
47NMU7D,2024-11-21 19:16:38,EUR
GWVDCYP,2024-12-04 19:17:31,EUR
8SW9KJX,2024-10-07 14:53:21,EUR
VWJACAD,2025-06-19 19:32:11,EUR
NB7XY89,2025-05-15 19:42:35,EUR
68MYJPV,2025-04-24 19:48:00,EUR
VNB24DN,2024-10-15 19:18:14,EUR
UUKEZ34,2024-09-02 18:29:19,EUR
RP38AGD,2024-10-28 16:31:21,EUR
QCCHV6A,2024-08-13 19:00:05,EUR
9KRSBH9,2024-08-14 19:01:12,EUR
QJKKS3F,2024-10-01 13:02:37,EUR
6J86E47,2025-04-18 19:45:51,EUR
RJMKJZN,2025-02-27 17:37:46,EUR
W4WEQ2J,2024-12-02 16:03:12,EUR
CPH58FB,2025-04-08 19:24:31,EUR
RU66RS8,2025-02-05 20:16:58,EUR
P2QXH9X,2024-12-31 23:39:52,EUR
RPQB6RA,2024-08-15 19:04:24,EUR
UJDJZ3H,2025-06-20 19:30:50,EUR
YDHKE3J,2024-10-22 19:19:56,EUR
6849M9C,2024-11-28 19:44:48,EUR
U4CHSEC,2025-07-08 19:34:28,EUR
3S8X2X5,2025-05-05 19:45:33,EUR
7TRXQMS,2025-01-23 20:23:29,EUR
4G2SAX7,2024-12-05 19:32:32,EUR
JP4V8NC,2024-07-01 18:41:12,EUR
MD7VC2V,2024-09-06 14:33:09,EUR
SEYMSX2,2024-12-12 19:39:03,EUR
HBWWEDR,2025-01-07 19:24:40,EUR
CNZVKQ9,2024-12-03 15:40:32,EUR
J5X78MV,2025-05-20 19:22:46,EUR
8FCTPHG,2024-10-09 18:52:13,EUR
KUPMGF4,2024-09-16 13:52:45,EUR
Q3BH7B5,2024-08-05 18:13:07,EUR
FBVUSMM,2024-11-06 15:32:37,EUR
DBSYKR4,2025-07-04 19:22:46,EUR
U65BH7J,2025-03-10 20:33:45,EUR
8942MH7,2024-11-21 13:46:14,EUR
WWKTESN,2024-08-30 18:25:48,EUR
UZWNCN7,2024-10-11 18:52:45,EUR
CJ33JNE,2024-11-06 16:01:12,EUR
M6GRPMY,2024-10-28 16:21:29,EUR
PZBK756,2025-05-23 19:29:35,EUR
BNK6HVT,2025-06-19 19:42:08,EUR
YHH65GB,2024-07-02 18:37:10,EUR
9XG6QQN,2024-07-05 18:17:06,EUR
2PH9PAF,2025-04-02 19:43:18,EUR
WWSN42T,2024-11-29 19:19:21,EUR
DBJWNCV,2024-11-04 10:41:23,EUR
DPGVHWE,2024-08-14 18:18:27,EUR
WM27GK4,2024-12-11 19:35:08,EUR
X67MYER,2024-09-16 16:04:37,EUR
N5YJU2Z,2024-08-28 18:51:20,EUR
TAJT4KH,2024-10-22 19:24:47,EUR
PD7D9D3,2025-01-16 19:16:08,EUR
PNV9M7P,2024-11-27 19:09:48,EUR
FFPMYS6,2025-04-29 19:45:36,EUR
7E97696,2024-08-07 18:57:48,EUR
88KQ2Q5,2025-06-06 9:39:33,EUR
8XQ2SHM,2025-04-14 19:39:50,EUR
Q2A923U,2024-11-01 20:11:36,EUR
3AUSUYP,2025-05-14 19:42:55,EUR
WA3XP78,2025-02-05 20:46:50,EUR
4K9NHMT,2024-09-16 23:33:07,EUR
QT46ZR9,2025-03-24 20:43:44,EUR
93KZ6AG,2024-09-19 18:09:25,EUR
9ZKJM3E,2025-06-30 19:35:13,EUR
489NY2Z,2024-12-03 19:11:24,EUR
79FWV92,2024-10-17 9:02:17,EUR
SB7X8TM,2024-09-16 23:22:43,EUR
AVWWGVY,2024-08-23 18:53:20,EUR
QYJ6MZT,2024-10-14 14:22:24,EUR
N34BTYG,2024-10-15 8:55:15,EUR
VGDHMRG,2025-05-26 19:16:03,EUR
CWAUX8R,2025-05-05 10:50:29,EUR
CXC6ZTH,2024-12-04 13:53:04,EUR
QYH9PUR,2024-08-23 18:46:39,EUR
44TAAMY,2025-03-05 10:58:38,EUR
2M9MTUG,2024-09-03 18:54:47,EUR
6MUG3FS,2024-11-21 19:17:10,EUR
7B4DBEB,2024-07-15 14:59:10,EUR
HQE7HVS,2025-02-10 20:28:34,EUR
ZYYEZD4,2024-10-01 18:51:57,EUR
RZ34FE2,2024-12-12 19:17:46,EUR
DFYV64R,2024-09-16 23:44:47,EUR
ZX26DAH,2024-07-31 18:43:04,EUR
MFP9BHY,2024-12-03 19:35:00,EUR
2RMW6AQ,2024-09-05 18:59:23,EUR
T8R5VSF,2024-10-11 18:46:11,EUR
TBB679P,2025-07-17 8:44:52,EUR
42CTP8P,2024-08-21 18:43:03,EUR
HU8P466,2024-10-09 13:38:46,EUR
X9JV7JK,2025-01-08 19:29:36,EUR
Q2ZGHFU,2024-10-11 18:51:28,EUR
CKBY5QA,2024-09-16 23:23:50,EUR
YWXTNJW,2024-07-17 18:48:36,EUR
N8PDDE5,2024-10-22 9:32:52,EUR
QRASXFF,2024-09-24 18:24:04,EUR
5JAFXXN,2024-09-18 18:16:06,EUR
H3NUMKX,2024-07-12 8:54:24,EUR
F8VNNKB,2025-01-06 14:47:24,EUR
XC5U2DM,2025-06-23 19:34:13,EUR
A58P3GC,2024-10-16 19:19:56,EUR
PQA28HJ,2024-11-12 19:13:26,EUR
3CH7MMK,2025-02-21 20:18:58,EUR
GNYWFP7,2024-11-15 16:11:59,EUR
E5APAX4,2024-10-18 14:26:03,EUR
CU28DZJ,2025-03-04 20:25:05,EUR
E3698VG,2024-07-31 18:40:17,EUR
K69SXMG,2024-08-06 18:48:56,EUR
QG3P757,2024-12-03 16:43:31,EUR
QNC7RSQ,2024-09-05 18:17:42,EUR
GBF2N78,2025-02-19 20:45:50,EUR
9UHK6QR,2024-07-24 18:52:26,EUR
ZFBCS54,2025-03-14 20:48:03,EUR
R38VSDD,2024-11-28 14:33:17,EUR
JD3565E,2024-07-08 18:10:27,EUR
EUJWA76,2025-05-16 19:25:50,EUR
WRUM6P6,2024-09-19 18:43:57,EUR
6ZTTYN7,2025-02-05 20:49:12,EUR
TXXT2YC,2024-11-27 19:09:54,EUR
ETG3ZHK,2025-06-10 19:26:55,EUR
FDZPEVC,2024-09-16 23:42:11,EUR
F4XZPMS,2025-05-12 19:46:59,EUR
MB2CBQ7,2025-06-05 19:50:22,EUR
DZBMW94,2024-11-29 19:36:16,EUR
7HJEDHN,2024-09-10 8:13:39,EUR
PSEY7ZP,2024-12-16 16:40:52,EUR
R7N2TXV,2024-12-02 16:35:38,EUR
P7MBUFQ,2024-10-24 19:14:36,EUR
WZ6V8BT,2025-04-23 19:40:34,EUR
UUE43QS,2024-11-25 10:57:42,EUR
M6Q4DSE,2024-10-15 19:15:14,EUR
8E29A2W,2024-12-12 19:14:33,EUR
93GSVZG,2024-09-03 18:18:00,EUR
HCUMYA5,2024-09-16 23:19:48,EUR
QJD6FXJ,2024-07-29 15:37:42,EUR
HC7ZEP6,2025-01-28 20:50:49,EUR
A93ZP43,2024-09-24 18:37:13,EUR
DTEAP8U,2025-02-10 20:41:42,EUR
JDESYJP,2024-10-11 18:42:46,EUR
C8ARTMB,2024-11-15 19:20:42,EUR
E8PJWKG,2024-09-09 15:38:46,EUR
P7MGFZ7,2024-10-02 9:11:08,EUR
CA6DMU8,2024-11-05 13:55:35,EUR
4JRHXHW,2024-07-17 18:42:32,EUR
AQKSVZW,2024-10-21 16:41:48,EUR
CPQ6HJ7,2024-11-06 14:02:01,EUR
T8TDYE4,2025-01-08 19:42:56,EUR
6SNXVY3,2024-12-25 19:30:08,EUR
GZKGDST,2025-01-03 19:42:23,EUR
J4EGYET,2024-09-09 18:55:20,EUR
BGATAR4,2024-10-31 19:18:52,EUR
33MMDVY,2025-05-20 22:08:38,EUR
HG373V8,2024-07-18 18:40:48,EUR
NCVDYBV,2025-03-05 20:41:22,EUR
2C5AVN3,2024-11-04 19:03:21,EUR
HX9U3KB,2024-10-25 18:27:32,EUR
EYS2EDM,2024-09-25 9:51:04,EUR
YSMJ952,2024-10-21 17:08:55,EUR
WEQBCYM,2024-11-29 19:35:28,EUR
2X52T7B,2025-05-13 19:32:29,EUR
P2GW2MV,2024-11-04 21:06:19,EUR
MF243Z4,2025-03-31 19:45:07,EUR
UBHNNBF,2024-07-16 6:51:36,EUR
338WU9Z,2025-06-23 19:42:58,EUR
3W9PQ6N,2025-03-18 20:32:52,EUR
4RHU85H,2025-02-19 20:32:17,EUR
S365HVH,2024-11-27 16:07:27,EUR
UZGMQPH,2024-10-03 18:40:00,EUR
BRYVRRB,2024-11-28 19:46:36,EUR
T4X2ZXS,2025-02-06 20:32:15,EUR
3KX9KMJ,2024-11-13 19:31:21,EUR
RQPEFK2,2024-10-02 9:10:08,EUR
6ZBBG36,2024-11-27 16:12:44,EUR
P9EPW8H,2025-02-26 16:45:28,EUR
BJ9GM6G,2024-09-13 18:21:05,EUR
G95C9N7,2024-07-15 15:23:12,EUR
S6KCFNN,2025-02-10 11:56:39,EUR
6RYANUA,2024-12-31 19:46:49,EUR
3K3B5N2,2024-12-05 19:45:31,EUR
YZAF5X9,2025-06-16 19:41:10,EUR
7ERH35Q,2025-02-17 20:35:25,EUR
24UATPH,2024-09-20 18:22:00,EUR
JM9DK2J,2025-02-17 20:23:20,EUR
YRG9X9C,2025-02-10 20:40:45,EUR
ZQDE4FG,2025-04-22 19:40:49,EUR
CJGQWA3,2025-03-31 16:15:13,EUR
BC78Q2C,2024-11-07 19:32:22,EUR
7N5D9NF,2025-03-18 20:42:27,EUR
P82SJY5,2025-05-29 19:24:13,EUR
J3TEHPM,2024-11-08 19:28:54,EUR
KFZX2YG,2024-08-21 8:04:43,EUR
7ZVNWDH,2024-07-01 16:00:58,EUR
NH278AB,2024-12-19 19:27:19,EUR
EM2HDR6,2024-12-12 19:36:15,EUR
4K5MFKN,2025-01-15 19:42:27,EUR
5X8ABUG,2024-08-01 7:55:26,EUR
D2BNUMR,2024-10-14 17:03:11,EUR
EAMT69Y,2024-11-04 16:53:35,EUR
5AVA2K7,2024-10-21 15:56:33,EUR
Z8GA3V7,2025-06-12 19:22:42,EUR
WM6TMKD,2024-11-28 19:42:13,EUR
JFTP883,2024-12-10 19:21:43,EUR
377KN93,2025-04-17 19:53:09,EUR
Q9F5VPX,2024-10-31 12:30:17,EUR
X2TP24R,2024-07-31 18:50:13,EUR
36W3EAH,2024-09-10 18:52:11,EUR
H7MQPED,2024-11-04 16:07:14,EUR
6N4MNUG,2024-10-07 17:03:41,EUR
EE6UK65,2025-01-09 14:27:15,EUR
S7BCAA2,2025-01-16 19:37:22,EUR
KDFQ6DK,2024-09-13 18:54:23,EUR
RN7TR46,2024-09-20 13:10:04,EUR
PDJ5UAK,2024-08-26 15:26:04,EUR
4UVX4UT,2025-06-30 19:15:07,EUR
6V5A5NY,2025-04-29 19:43:08,EUR
7WYZ5BG,2024-10-15 19:20:15,EUR
AUBM89D,2025-02-25 20:46:27,EUR
ET9Z73S,2024-08-26 18:22:19,EUR
PNQ97AB,2024-09-24 18:22:53,EUR
HB6W5VS,2025-05-20 21:52:35,EUR
4JREZ4F,2025-01-22 20:34:35,EUR
NUMZTCQ,2025-03-03 15:03:19,EUR
CC7VDN3,2024-07-01 15:47:24,EUR
5NC97N9,2025-06-18 19:32:20,EUR
E5DQX3P,2024-07-22 18:39:18,EUR
4BRK98S,2024-10-30 19:49:39,EUR
VAYRCX7,2024-07-11 18:17:25,EUR
STUA5WJ,2024-10-23 18:23:50,EUR
U7EFHA6,2025-04-28 19:38:25,EUR
K8S72UN,2024-07-11 18:36:24,EUR
YFS5C3C,2024-09-20 12:31:22,EUR
GVG5W3J,2025-02-27 20:43:17,EUR
36KC24A,2024-08-20 15:01:41,EUR
MTE8A5A,2025-06-13 8:55:08,EUR
CYDSH6U,2024-12-04 9:58:04,EUR
FPCNGTF,2024-08-14 18:54:36,EUR
ENU8PNZ,2024-09-19 21:00:32,EUR
ZNRX2XQ,2024-11-25 0:23:52,EUR
JWR9HFD,2024-11-29 19:20:07,EUR
4H94NR7,2025-04-03 19:29:30,EUR
F7QBSX3,2024-08-05 15:06:54,EUR
Y6QHFFK,2024-09-24 14:27:32,EUR
642PZHT,2024-10-15 19:04:08,EUR
ERDXSME,2025-06-24 19:47:19,EUR
GGCRBTP,2024-09-13 19:14:33,EUR
BPUEX3B,2024-08-16 18:57:36,EUR
G9EKBSF,2024-12-16 16:39:58,EUR
JA2RXK5,2025-03-05 20:36:25,EUR
PEDT8YM,2025-04-02 19:21:33,EUR
HCVV5NC,2024-12-04 10:57:35,EUR
3HB3G7Z,2024-10-17 9:39:46,EUR
NVM3FZQ,2025-03-06 20:44:26,EUR
JG7F4VC,2024-09-02 15:05:17,EUR
VTHR9AQ,2024-11-27 19:19:00,EUR
78M7RSP,2024-12-10 19:39:38,EUR
W4RS4Z7,2024-11-27 19:17:53,EUR
68FUHNK,2025-04-28 19:18:22,EUR
BF74SVT,2024-07-15 15:20:30,EUR
JXDWBJ8,2025-04-25 19:39:39,EUR
9C82JZE,2024-12-26 19:40:26,EUR
PTER47C,2025-06-11 19:21:26,EUR
ET95S7Z,2024-10-08 18:18:45,EUR
8DTCFEY,2025-01-03 19:40:08,EUR
FFZGK6W,2025-03-18 20:43:42,EUR
ZW3ABGB,2025-06-06 19:21:15,EUR
CTBBHHU,2024-12-17 19:44:53,EUR
ZZ7SSBY,2024-10-21 16:01:11,EUR
H9FTGUP,2025-02-24 20:31:43,EUR
8XFBGR9,2024-10-30 20:11:48,EUR
R65QZMR,2025-05-02 19:51:19,EUR
UCJ3RN8,2024-10-08 18:49:56,EUR
BPZUMRX,2025-05-05 19:43:31,EUR
H8PNQDD,2025-02-17 20:46:41,EUR
BWGC4XG,2024-07-23 7:27:37,EUR
BW4UGMX,2025-06-24 19:43:34,EUR
RFCDYF6,2025-05-06 19:41:05,EUR
YCC47VR,2024-11-25 0:42:34,EUR
AB7PYHC,2025-01-09 19:28:18,EUR
N7RGAEP,2025-06-30 19:21:13,EUR
N9YW4SD,2024-11-27 16:08:58,EUR
H2NK37G,2024-11-20 19:23:44,EUR
A9U2RQX,2024-12-03 13:35:43,EUR
QFR9N6M,2024-09-20 18:55:16,EUR
4TA4PXQ,2025-02-19 20:45:09,EUR
S4DZ8PN,2025-01-10 19:29:18,EUR
EVMSV5Z,2025-04-22 19:30:59,EUR
Q6H9E3M,2024-11-22 19:34:18,EUR
KJ3XZSX,2024-11-04 16:41:15,EUR
AK9FTHK,2025-07-01 19:19:26,EUR
P2KBQ98,2025-06-04 19:17:50,EUR
7B33MMU,2025-04-14 19:41:35,EUR
3KXC7SC,2024-11-13 19:13:35,EUR